method,res_type,resolution_method,n_images,point_group,pixel_x,emdb_id,deposition,resolution,has_pdb
singleParticle,BY AUTHOR,FSC 0.143 CUT-OFF,217743.0,,1.087,EMD-30277,20200508,3.3,False
singleParticle,BY AUTHOR,FSC 0.5 CUT-OFF,100000.0,C1,1.2375,EMD-5513,20121004,11.9,True
singleParticle,BY AUTHOR,FSC 0.143 CUT-OFF,10674.0,C23,1.07,EMD-20833,20191015,3.5,True
singleParticle,BY AUTHOR,FSC 0.143 CUT-OFF,74677.0,C4,1.066,EMD-20450,20190709,3.06,True
singleParticle,BY AUTHOR,FSC 0.143 CUT-OFF,460948.0,,0.825,EMD-25477,20211120,4.1,True
singleParticle,BY AUTHOR,FSC 0.143 CUT-OFF,47338.0,,1.32,EMD-6790,20170710,3.45,True
singleParticle,BY AUTHOR,FSC 0.143 CUT-OFF,98696.0,C5,1.0961,EMD-20968,20191118,3.3,True
singleParticle,BY AUTHOR,OTHER,4684.0,C1,2.32,EMD-3112,20150806,19.4,False
singleParticle,BY AUTHOR,FSC 0.143 CUT-OFF,185895.0,C3,0.943182,EMD-32377,20211211,2.02,True
singleParticle,BY AUTHOR,FSC 0.143 CUT-OFF,35621.0,D5,1.68,EMD-22708,20200924,4.3,False
singleParticle,BY AUTHOR,FSC 0.143 CUT-OFF,34425.0,I,1.14,EMD-22095,20200601,2.9,True
singleParticle,BY AUTHOR,FSC 0.143 CUT-OFF,505644.0,C1,1.04,EMD-0745,20190815,3.0,True
singleParticle,BY AUTHOR,FSC 0.143 CUT-OFF,21489.0,,1.07,EMD-12836,20210429,3.28,False
singleParticle,BY AUTHOR,FSC 0.143 CUT-OFF,191825.0,C2,1.091,EMD-9988,20190715,2.77,False
singleParticle,BY AUTHOR,FSC 0.5 CUT-OFF,9313.0,,2.06,EMD-23524,20210222,26.0,False
singleParticle,BY AUTHOR,FSC 0.143 CUT-OFF,39073.0,C1,2.06,EMD-20430,20190706,7.6,False
singleParticle,BY AUTHOR,FSC 0.143 CUT-OFF,80000.0,,1.314,EMD-23843,20210416,3.89,True
singleParticle,BY AUTHOR,FSC 0.143 CUT-OFF,146821.0,,1.1,EMD-4049,20160713,10.2,False
singleParticle,BY AUTHOR,FSC 0.143 CUT-OFF,250943.0,C1,1.35,EMD-30005,20200210,3.9,True
subtomogramAveraging,BY AUTHOR,FSC 0.143 CUT-OFF,,C2,1.35,EMD-0160,20180731,8.9,False
singleParticle,BY AUTHOR,FSC 0.143 CUT-OFF,14873.0,C1,1.066496,EMD-23152,20201217,6.1,False
helical,BY AUTHOR,FSC 0.143 CUT-OFF,7466.0,,1.06,EMD-30648,20201028,4.5,False
singleParticle,BY AUTHOR,FSC 0.143 CUT-OFF,560624.0,,1.0,EMD-30371,20200705,3.9,True
singleParticle,BY AUTHOR,FSC 0.143 CUT-OFF,172291.0,,1.35,EMD-21221,20200118,4.3,True
subtomogramAveraging,BY AUTHOR,OTHER,,C1,5.7,EMD-5914,20140224,41.0,False
subtomogramAveraging,BY AUTHOR,FSC 0.143 CUT-OFF,,C1,3.42,EMD-0934,20200102,13.0,False
subtomogramAveraging,BY AUTHOR,OTHER,,C2,8.4,EMD-8568,20170120,30.0,False
singleParticle,BY AUTHOR,FSC 0.143 CUT-OFF,59889.0,,1.07,EMD-13191,20210709,2.9,True
helical,BY AUTHOR,FSC 0.143 CUT-OFF,28360.0,,1.05,EMD-13853,20211105,2.79,True
singleParticle,BY AUTHOR,FSC 0.143 CUT-OFF,29719.0,C1,1.37,EMD-8360,20160830,10.5,False
singleParticle,BY AUTHOR,FSC 0.5 CUT-OFF,1597.0,I,2.26,EMD-5512,20121004,9.03,False
singleParticle,BY AUTHOR,FSC 0.143 CUT-OFF,260910.0,C1,0.83,EMD-30995,20210221,3.6,True
singleParticle,BY AUTHOR,FSC 0.143 CUT-OFF,18926.0,C2,0.98,EMD-8822,20170710,6.8,True
singleParticle,BY AUTHOR,FSC 0.143 CUT-OFF,51609.0,,1.065,EMD-10271,20190829,8.5,True
singleParticle,BY AUTHOR,OTHER,2965.0,D2,3.0,EMD-2548,20140102,13.0,True
singleParticle,BY AUTHOR,FSC 0.143 CUT-OFF,273078.0,C1,1.36,EMD-30387,20200717,3.88,True
singleParticle,BY AUTHOR,FSC 0.143 CUT-OFF,42770.0,,1.03,EMD-22853,20201013,3.8,True
singleParticle,BY AUTHOR,FSC 0.143 CUT-OFF,34701.0,C1,1.03,EMD-9042,20180815,4.43,True
subtomogramAveraging,BY AUTHOR,FSC 0.5 CUT-OFF,,C17,8.281,EMD-10342,20190926,78.0,False
singleParticle,BY AUTHOR,FSC 0.5 CUT-OFF,358526.0,,0.873,EMD-25797,20211221,3.1,True
singleParticle,BY AUTHOR,FSC 0.143 CUT-OFF,55564.0,,1.255,EMD-8386,20160929,4.8,True
singleParticle,BY AUTHOR,FSC 0.143 CUT-OFF,146463.0,,1.0,EMD-8746,20170524,4.0,True
singleParticle,BY AUTHOR,FSC 1/2 BIT CUT-OFF,262.0,,3.342,EMD-8261,20160624,39.0,False
tomography,BY AUTHOR,FSC 0.5 CUT-OFF,21.0,,1.88,EMD-25325,20211030,26.0,False
singleParticle,BY AUTHOR,FSC 0.143 CUT-OFF,2300.0,,2.05,EMD-20890,20191030,24.5,False
singleParticle,BY AUTHOR,FSC 0.143 CUT-OFF,54395.0,C3,1.058,EMD-22078,20200528,3.22,True
singleParticle,BY AUTHOR,FSC 0.143 CUT-OFF,23724.0,,1.065,EMD-25179,20211020,6.2,False
singleParticle,BY AUTHOR,FSC 0.143 CUT-OFF,32982.0,,0.83,EMD-11257,20200630,3.2,True
subtomogramAveraging,BY AUTHOR,FSC 0.143 CUT-OFF,,C1,2.65,EMD-24377,20210702,10.9,False
singleParticle,BY AUTHOR,FSC 0.143 CUT-OFF,20087.0,,1.059,EMD-11310,20200706,3.2,True
subtomogramAveraging,BY AUTHOR,OTHER,,,7.8,EMD-8501,20161201,50.0,False
singleParticle,BY AUTHOR,FSC 0.5 CUT-OFF,,C1,1.23,EMD-1263,20060829,9.1,True
tomography,BY AUTHOR,FSC 0.5 CUT-OFF,61.0,,2.96,EMD-7408,20180125,13.57,False
tomography,BY AUTHOR,FSC 0.5 CUT-OFF,61.0,,2.96,EMD-7418,20180125,12.76,False
singleParticle,BY AUTHOR,FSC 0.5 CUT-OFF,728.0,I,1.13,EMD-5516,20121004,9.91,False
singleParticle,BY AUTHOR,FSC 0.143 CUT-OFF,96070.0,C1,1.215,EMD-8521,20161216,3.2,True
singleParticle,BY AUTHOR,FSC 0.5 CUT-OFF,2765.0,,1.08,EMD-32738,20220128,3.26,True
singleParticle,BY AUTHOR,FSC 0.143 CUT-OFF,24809.0,D4,0.953,EMD-7305,20171220,4.9,True
singleParticle,BY AUTHOR,FSC 0.5 CUT-OFF,8881.0,C1,3.17,EMD-2167,20120807,16.3,False
singleParticle,BY AUTHOR,FSC 0.143 CUT-OFF,18974.0,C1,1.7033,EMD-4689,20190311,28.0,False
singleParticle,BY AUTHOR,FSC 0.143 CUT-OFF,217361.0,,0.828,EMD-25647,20211206,3.0,True
singleParticle,BY AUTHOR,FSC 0.143 CUT-OFF,1120000.0,C1,0.826,EMD-20278,20190610,3.01,True
singleParticle,BY AUTHOR,FSC 0.5 CUT-OFF,11184.0,C3,4.1,EMD-7918,20180524,24.0,False
singleParticle,BY AUTHOR,OTHER,63539.0,C1,2.2,EMD-1551,20080908,13.0,False
singleParticle,BY AUTHOR,FSC 0.143 CUT-OFF,370421.0,,1.32,EMD-31571,20210723,3.5,True
singleParticle,BY AUTHOR,FSC 0.143 CUT-OFF,4142.0,I,4.1,EMD-21166,20200105,18.74,False
singleParticle,BY AUTHOR,OTHER,320000.0,C1,2.5,EMD-2697,20140628,8.9,True
singleParticle,BY AUTHOR,FSC 0.143 CUT-OFF,274860.0,,1.128,EMD-30414,20200729,3.43,True
singleParticle,BY AUTHOR,FSC 0.143 CUT-OFF,430062.0,,1.087,EMD-30513,20200909,2.8,True
singleParticle,BY AUTHOR,OTHER,158.0,C1,1.36,EMD-2719,20140728,74.0,False
singleParticle,BY AUTHOR,FSC 0.143 CUT-OFF,42870.0,,1.07,EMD-7434,20180125,3.4,True
singleParticle,BY AUTHOR,OTHER,43000.0,C1,1.25,EMD-2551,20140107,9.0,False
singleParticle,BY AUTHOR,FSC 0.5 CUT-OFF,338823.0,C1,2.78,EMD-1918,20110629,9.9,True
singleParticle,BY AUTHOR,FSC 0.143 CUT-OFF,11158.0,C1,4.02,EMD-22944,20201104,16.8,False
singleParticle,BY AUTHOR,FSC 0.5 CUT-OFF,4555.0,I,2.8745,EMD-1468,20080205,7.7,False
singleParticle,BY AUTHOR,FSC 0.143 CUT-OFF,114398.0,C1,1.059,EMD-10838,20200407,3.0,True
singleParticle,BY AUTHOR,FSC 0.143 CUT-OFF,621773.0,,0.833,EMD-22117,20200606,3.88,True
singleParticle,BY AUTHOR,FSC 0.143 CUT-OFF,11721.0,,1.048,EMD-11429,20200721,11.9,False
singleParticle,BY AUTHOR,FSC 0.143 CUT-OFF,38541.0,C1,0.83,EMD-23148,20201217,3.8,True
singleParticle,BY AUTHOR,FSC 0.143 CUT-OFF,67990.0,,1.318,EMD-9541,20160927,4.6,True
singleParticle,BY AUTHOR,FSC 0.143 CUT-OFF,49223.0,C1,1.06,EMD-7867,20180510,3.1,True
tomography,BY AUTHOR,FSC 0.5 CUT-OFF,61.0,,2.96,EMD-7390,20180123,12.26,False
singleParticle,BY AUTHOR,FSC 0.143 CUT-OFF,45000.0,C6,1.121,EMD-9763,20181224,3.8,True
singleParticle,BY AUTHOR,FSC 0.143 CUT-OFF,40903.0,,1.625,EMD-31296,20210512,4.2,True
singleParticle,BY AUTHOR,FSC 0.143 CUT-OFF,234960.0,C1,1.03,EMD-22259,20200630,3.0,True
subtomogramAveraging,BY AUTHOR,FSC 0.5 CUT-OFF,,I,5.6,EMD-3515,20161124,47.2,False
singleParticle,BY AUTHOR,FSC 0.143 CUT-OFF,33531.0,O,1.5799999,EMD-20911,20191104,4.7,False
singleParticle,BY AUTHOR,FSC 0.143 CUT-OFF,44654.0,,4.02,EMD-22952,20201105,12.4,False
singleParticle,BY AUTHOR,FSC 0.143 CUT-OFF,38000.0,C2,0.852,EMD-10462,20191107,3.4,True
singleParticle,BY AUTHOR,FSC 0.143 CUT-OFF,345411.0,C1,1.045,EMD-30936,20210128,2.9,False
singleParticle,BY AUTHOR,FSC 0.143 CUT-OFF,152455.0,,0.654,EMD-13146,20210629,2.7,True
singleParticle,BY AUTHOR,FSC 0.143 CUT-OFF,102619.0,C1,1.09,EMD-13294,20210802,3.2,True
singleParticle,BY AUTHOR,FSC 0.143 CUT-OFF,82684.0,C1,1.36,EMD-21435,20200221,3.8,True
singleParticle,BY AUTHOR,FSC 0.143 CUT-OFF,28000.0,,1.08,EMD-25500,20211123,3.4,True
subtomogramAveraging,BY AUTHOR,FSC 0.143 CUT-OFF,,C4,2.7,EMD-10646,20200124,30.0,False
singleParticle,BY AUTHOR,FSC 0.143 CUT-OFF,351714.0,,1.335,EMD-21067,20191204,3.8,True
singleParticle,BY AUTHOR,FSC 0.143 CUT-OFF,100000.0,,2.05,EMD-25010,20210927,20.0,False
singleParticle,BY AUTHOR,FSC 0.143 CUT-OFF,166085.0,C1,0.66,EMD-23886,20210422,3.0,False
singleParticle,BY AUTHOR,FSC 0.143 CUT-OFF,34288.0,C1,2.28,EMD-12013,20201203,21.2,False
singleParticle,BY AUTHOR,FSC 0.143 CUT-OFF,52837.0,C3,2.2,EMD-11746,20200917,4.4,False
singleParticle,BY AUTHOR,FSC 0.143 CUT-OFF,10406.0,I,1.3069999,EMD-0892,20191209,3.13,True
singleParticle,BY AUTHOR,OTHER,153545.0,C1,1.77,EMD-5831,20131210,13.6,False
singleParticle,BY AUTHOR,FSC 0.143 CUT-OFF,27177.0,C4,1.3,EMD-4514,20181231,4.4,True
tomography,BY AUTHOR,FSC 0.5 CUT-OFF,21.0,,1.88,EMD-25274,20211030,26.0,False
tomography,BY AUTHOR,FSC 0.5 CUT-OFF,61.0,,4.8,EMD-7263,20171206,100.0,False
subtomogramAveraging,BY AUTHOR,OTHER,,C1,6.07,EMD-6523,20151115,47.0,False
singleParticle,BY AUTHOR,FSC 0.143 CUT-OFF,71319.0,,0.831,EMD-12353,20210211,3.51,True
singleParticle,BY AUTHOR,FSC 0.143 CUT-OFF,69204.0,,1.094,EMD-14185,20220125,7.98,False
singleParticle,BY AUTHOR,OTHER,27780.0,,1.0898,EMD-13386,20210812,6.7,True
singleParticle,BY AUTHOR,OTHER,60788.0,C2,1.32,EMD-3125,20150813,4.87,False
singleParticle,BY AUTHOR,FSC 0.143 CUT-OFF,7686.0,I,1.07,EMD-20197,20190504,2.9,False
singleParticle,BY AUTHOR,FSC 0.5 CUT-OFF,195226.0,C6,2.32,EMD-5672,20130516,16.0,False
singleParticle,BY AUTHOR,FSC 0.143 CUT-OFF,224554.0,,1.07,EMD-3640,20170318,2.9,True
singleParticle,BY AUTHOR,FSC 0.143 CUT-OFF,14411.0,,1.534,EMD-10131,20190718,4.2,False
singleParticle,BY AUTHOR,FSC 0.143 CUT-OFF,654863.0,C2,0.96000004,EMD-14149,20220118,2.1,True
singleParticle,BY AUTHOR,OTHER,18000.0,C6,1.15,EMD-2994,20150504,7.2,True
tomography,BY AUTHOR,FSC 0.5 CUT-OFF,61.0,,2.96,EMD-7358,20180123,14.1,False
singleParticle,BY AUTHOR,FSC 0.143 CUT-OFF,102044.0,,1.307,EMD-31008,20210228,3.3,True
singleParticle,BY AUTHOR,FSC 0.143 CUT-OFF,80500.0,,1.1,EMD-8369,20160906,3.6,True
singleParticle,BY AUTHOR,FSC 0.143 CUT-OFF,47246.0,C1,1.612,EMD-10579,20191227,8.6,False
singleParticle,BY AUTHOR,FSC 0.143 CUT-OFF,401170.0,,1.07,EMD-32443,20211223,3.6,True
singleParticle,BY AUTHOR,FSC 0.5 CUT-OFF,8032.0,C1,3.33,EMD-1070,20040314,13.4,False
singleParticle,BY AUTHOR,FSC 0.143 CUT-OFF,347344.0,,0.844,EMD-24313,20210626,2.9,True
singleParticle,BY AUTHOR,FSC 0.143 CUT-OFF,64314.0,,1.061,EMD-11250,20200630,2.8,True
singleParticle,BY AUTHOR,FSC 0.143 CUT-OFF,77312.0,,1.3060001,EMD-9524,20160818,3.5,True
singleParticle,BY AUTHOR,FSC 0.143 CUT-OFF,157111.0,C5,0.827,EMD-10789,20200324,3.2,True
singleParticle,BY AUTHOR,FSC 0.143 CUT-OFF,1236.0,I,1.08,EMD-4709,20190315,7.5,True
singleParticle,BY AUTHOR,FSC 0.143 CUT-OFF,100000.0,C1,2.05,EMD-23179,20201222,20.0,False
singleParticle,BY AUTHOR,FSC 0.5 CUT-OFF,3688.0,,1.7700001,EMD-23314,20210120,25.0,False
electronCrystallography,BY AUTHOR,,,,0.6010482,EMD-8077,20160414,1.75,True
singleParticle,BY AUTHOR,FSC 0.143 CUT-OFF,829000.0,,1.00687,EMD-23283,20210113,3.4,True
singleParticle,BY AUTHOR,FSC 0.143 CUT-OFF,93527.0,,1.04,EMD-9655,20180921,3.8,False
singleParticle,BY AUTHOR,FSC 0.143 CUT-OFF,177642.0,C1,1.03,EMD-9311,20181106,3.4,True
singleParticle,BY AUTHOR,FSC 0.143 CUT-OFF,18979.0,C1,1.572,EMD-12582,20210309,5.2,False
singleParticle,BY AUTHOR,FSC 0.143 CUT-OFF,49759.0,,1.318,EMD-31173,20210406,3.6,True
singleParticle,BY AUTHOR,FSC 0.143 CUT-OFF,299893.0,C1,1.04,EMD-9376,20181226,3.8,True
singleParticle,BY AUTHOR,FSC 0.5 CUT-OFF,17623.0,C3,2.33,EMD-1678,20100108,14.0,True
subtomogramAveraging,BY AUTHOR,FSC 0.143 CUT-OFF,,C1,7.04,EMD-12544,20210303,19.0,True
singleParticle,BY AUTHOR,FSC 0.143 CUT-OFF,526167.0,,1.08,EMD-26038,20220124,3.24,True
singleParticle,BY AUTHOR,FSC 0.143 CUT-OFF,63623.0,,1.0742,EMD-32206,20211114,3.1,True
singleParticle,BY AUTHOR,FSC 0.143 CUT-OFF,343342.0,C1,1.30654,EMD-6827,20170921,4.4,True
singleParticle,BY AUTHOR,OTHER,20742.0,C4,1.2156,EMD-6268,20150214,3.92,False
singleParticle,BY AUTHOR,FSC 0.143 CUT-OFF,77697.0,,1.045,EMD-20702,20190909,2.9,True
singleParticle,BY AUTHOR,FSC 0.143 CUT-OFF,74365.0,C5,0.8230001,EMD-20382,20190701,3.1,True
singleParticle,BY AUTHOR,FSC 0.143 CUT-OFF,227231.0,C1,1.055,EMD-0474,20190117,4.2,False
singleParticle,BY AUTHOR,FSC 0.5 CUT-OFF,17672.0,C1,3.33,EMD-1197,20060228,16.2,False
singleParticle,BY AUTHOR,FSC 0.143 CUT-OFF,2029927.0,,0.91,EMD-24896,20210918,2.45,True
singleParticle,BY AUTHOR,FSC 0.143 CUT-OFF,165192.0,,1.07382,EMD-26110,20220131,4.2,True
singleParticle,BY AUTHOR,FSC 0.143 CUT-OFF,52361.0,C1,0.69167,EMD-13551,20210908,3.19,True
singleParticle,BY AUTHOR,FSC 0.143 CUT-OFF,110122.0,,0.99375,EMD-30816,20201222,2.8,True
singleParticle,BY AUTHOR,FSC 3 SIGMA CUT-OFF,250.0,,6.57,EMD-11178,20200615,16.0,False
singleParticle,BY AUTHOR,FSC 0.143 CUT-OFF,41163.0,C1,1.3475,EMD-25934,20220117,4.0,True
singleParticle,BY AUTHOR,FSC 0.143 CUT-OFF,31143.0,,1.02,EMD-30642,20201027,5.6,True
singleParticle,BY AUTHOR,FSC 0.143 CUT-OFF,23792.0,C1,1.05,EMD-4621,20190220,4.2,True
singleParticle,BY AUTHOR,FSC 0.143 CUT-OFF,173875.0,,0.82191795,EMD-31062,20210315,2.78,True
singleParticle,BY AUTHOR,FSC 0.143 CUT-OFF,12277.0,,0.83,EMD-12390,20210217,3.87,False
singleParticle,BY AUTHOR,FSC 0.143 CUT-OFF,1737.0,,1.16,EMD-13460,20210824,9.5,True
singleParticle,BY AUTHOR,FSC 0.143 CUT-OFF,176463.0,C1,1.7399999,EMD-4443,20181128,3.7,True
singleParticle,BY AUTHOR,FSC 0.143 CUT-OFF,248423.0,,1.36,EMD-31462,20210621,4.2,True
singleParticle,BY AUTHOR,OTHER,60455.0,C7,1.28,EMD-6224,20141225,2.9,True
singleParticle,BY AUTHOR,FSC 0.143 CUT-OFF,152604.0,,1.0742,EMD-32196,20211113,2.6,True
singleParticle,BY AUTHOR,FSC 0.143 CUT-OFF,3214.0,C1,1.98,EMD-21275,20200131,27.0,False
singleParticle,BY AUTHOR,FSC 0.143 CUT-OFF,10851.0,C1,1.35,EMD-3714,20170510,11.4,False
singleParticle,BY AUTHOR,FSC 0.143 CUT-OFF,190785.0,O,1.12,EMD-4698,20190313,2.8,False
subtomogramAveraging,BY AUTHOR,FSC 0.5 CUT-OFF,,,7.07,EMD-2094,20120508,45.0,False
singleParticle,BY AUTHOR,FSC 0.5 CUT-OFF,,C1,5.7,EMD-1595,20090126,22.0,False
singleParticle,BY AUTHOR,FSC 0.143 CUT-OFF,6693.0,I,1.3,EMD-7632,20180327,2.76,True
singleParticle,BY AUTHOR,FSC 0.143 CUT-OFF,143000.0,,1.72,EMD-20085,20190410,4.5,False
singleParticle,BY AUTHOR,FSC 0.143 CUT-OFF,10068.0,,1.058,EMD-22275,20200706,5.8,False
singleParticle,BY AUTHOR,FSC 0.143 CUT-OFF,22571.0,C1,4.02,EMD-22984,20201110,14.3,False
singleParticle,BY AUTHOR,FSC 0.143 CUT-OFF,67500.0,C1,1.3500001,EMD-3536,20161216,7.8,True
singleParticle,BY AUTHOR,FSC 0.143 CUT-OFF,70852.0,,1.052,EMD-31483,20210626,3.7,False
singleParticle,BY AUTHOR,FSC 0.143 CUT-OFF,19600.0,,2.712,EMD-22981,20201109,7.8,True
electronCrystallography,BY AUTHOR,DIFFRACTION PATTERN/LAYERLINES,,,0.35067707,EMD-20356,20190629,2.17,True
singleParticle,BY AUTHOR,FSC 0.143 CUT-OFF,193661.0,,1.19,EMD-22772,20201001,3.1,True
tomography,BY AUTHOR,FSC 0.5 CUT-OFF,65.0,,1.4800001,EMD-7694,20180327,15.88,False
singleParticle,BY AUTHOR,FSC 0.143 CUT-OFF,215450.0,,4.96,EMD-12090,20201213,10.9,False
singleParticle,BY AUTHOR,FSC 0.143 CUT-OFF,1439460.0,,1.351,EMD-9367,20181222,3.8,False
singleParticle,BY AUTHOR,FSC 0.143 CUT-OFF,7181.0,I,1.121,EMD-30780,20201208,4.23,False
singleParticle,BY AUTHOR,FSC 0.143 CUT-OFF,84378.0,C3,1.08312,EMD-21112,20191212,2.9,True
singleParticle,BY AUTHOR,FSC 0.143 CUT-OFF,58378.0,C1,1.03,EMD-23229,20201231,3.4,True
singleParticle,BY AUTHOR,FSC 0.143 CUT-OFF,264891.0,,0.826,EMD-24415,20210709,5.64,True
singleParticle,BY AUTHOR,FSC 0.143 CUT-OFF,14475.0,,1.05,EMD-11391,20200715,4.0,True
singleParticle,BY AUTHOR,FSC 0.143 CUT-OFF,151237.0,C1,1.047,EMD-13026,20210602,3.27,True
singleParticle,BY AUTHOR,FSC 0.143 CUT-OFF,40536.0,C1,1.07,EMD-20930,20191106,6.7,True
singleParticle,BY AUTHOR,FSC 0.5 CUT-OFF,7849.0,I,1.13,EMD-2027,20120111,6.09,True
singleParticle,BY AUTHOR,FSC 0.143 CUT-OFF,170244.0,,0.835,EMD-26098,20220129,2.8,True
singleParticle,BY AUTHOR,FSC 0.5 CUT-OFF,3000.0,C1,2.1,EMD-1912,20110623,17.8,False
singleParticle,BY AUTHOR,FSC 0.5 CUT-OFF,4702.0,C3,3.5,EMD-2066,20120404,22.0,False
helical,BY AUTHOR,FSC 0.143 CUT-OFF,20075.0,,1.15,EMD-12552,20210304,3.55,True
singleParticle,BY AUTHOR,FSC 0.143 CUT-OFF,12703.0,C1,1.03,EMD-24970,20210923,4.2,True
singleParticle,BY AUTHOR,FSC 0.143 CUT-OFF,81471.0,,1.16,EMD-4238,20171222,8.1,False
singleParticle,BY AUTHOR,FSC 0.143 CUT-OFF,715.0,T,2.78,EMD-12981,20210520,15.0,False
helical,BY AUTHOR,FSC 0.143 CUT-OFF,68000.0,,1.19,EMD-25158,20211016,3.4,False
singleParticle,BY AUTHOR,FSC 0.143 CUT-OFF,66362.0,,0.95,EMD-22666,20200915,4.34,True
singleParticle,BY AUTHOR,FSC 0.143 CUT-OFF,47242.0,C1,0.83,EMD-12281,20210130,3.3,True
singleParticle,BY AUTHOR,FSC 0.143 CUT-OFF,519185.0,,1.014,EMD-32529,20220103,2.7,True
singleParticle,BY AUTHOR,FSC 0.143 CUT-OFF,45834.0,,1.1,EMD-13301,20210802,3.3,True
singleParticle,BY AUTHOR,FSC 0.143 CUT-OFF,94974.0,C1,1.142,EMD-23602,20210308,4.18,False
singleParticle,BY AUTHOR,FSC 0.143 CUT-OFF,39939.0,C1,1.03,EMD-9861,20190323,5.4,False
singleParticle,BY AUTHOR,OTHER,14956.0,C3,2.05,EMD-2853,20150119,20.0,False
singleParticle,BY AUTHOR,FSC 0.143 CUT-OFF,58822.0,,1.4,EMD-22017,20200521,4.7,True
singleParticle,BY AUTHOR,FSC 0.143 CUT-OFF,225244.0,C1,0.81,EMD-10266,20190829,4.2,True
singleParticle,BY AUTHOR,FSC 0.143 CUT-OFF,116951.0,,1.093,EMD-32168,20211112,3.9,True
singleParticle,BY AUTHOR,OTHER,283.0,C1,1.06,EMD-5865,20140117,30.0,False
singleParticle,BY AUTHOR,FSC 0.143 CUT-OFF,32412.0,,1.412,EMD-13958,20211209,5.7,True
singleParticle,BY AUTHOR,FSC 0.143 CUT-OFF,117012.0,C1,1.065,EMD-12139,20201218,3.1,True
singleParticle,BY AUTHOR,FSC 0.143 CUT-OFF,9059.0,C1,1.05,EMD-22673,20200916,3.2,True
singleParticle,BY AUTHOR,FSC 0.143 CUT-OFF,151601.0,C2,1.043,EMD-10141,20190724,3.6,True
singleParticle,BY AUTHOR,FSC 0.5 CUT-OFF,5419.0,C3,2.13,EMD-8507,20161205,29.4,False
singleParticle,BY AUTHOR,FSC 0.143 CUT-OFF,9763.0,,4.6,EMD-11354,20200709,25.0,False
singleParticle,BY AUTHOR,FSC 0.5 CUT-OFF,18809.0,C1,3.0,EMD-5506,20120928,18.7,True
singleParticle,BY AUTHOR,FSC 0.143 CUT-OFF,127928.0,C2,1.069,EMD-24753,20210827,4.2,True
singleParticle,BY AUTHOR,FSC 0.143 CUT-OFF,97764.0,C1,1.39,EMD-10778,20200320,3.0,True
singleParticle,BY AUTHOR,OTHER,10000.0,C1,2.8,EMD-2535,20131230,16.0,False
singleParticle,BY AUTHOR,FSC 0.143 CUT-OFF,211029.0,C1,1.2,EMD-4534,20190103,3.3,False
singleParticle,BY AUTHOR,FSC 0.5 CUT-OFF,8775.0,C1,5.38,EMD-1636,20090715,27.0,False
singleParticle,BY AUTHOR,FSC 0.143 CUT-OFF,124864.0,C1,1.03,EMD-23932,20210504,3.2,True
singleParticle,BY AUTHOR,FSC 0.143 CUT-OFF,8258.0,C4,1.07,EMD-24110,20210525,4.15,True
subtomogramAveraging,BY AUTHOR,FSC 0.143 CUT-OFF,,C1,1.7005,EMD-13447,20210823,9.7,True
singleParticle,BY AUTHOR,FSC 0.5 CUT-OFF,6864.0,C1,3.33,EMD-1329,20070306,30.0,False
singleParticle,BY AUTHOR,FSC 0.143 CUT-OFF,8598.0,I,1.39,EMD-10316,20190918,3.4,False
singleParticle,BY AUTHOR,OTHER,37804.0,C1,3.0,EMD-5907,20140212,14.3,False
singleParticle,BY AUTHOR,FSC 0.143 CUT-OFF,40162.0,C1,0.82,EMD-30419,20200730,4.7,True
singleParticle,BY AUTHOR,FSC 0.143 CUT-OFF,1239454.0,C2,0.837,EMD-12209,20210115,3.0,True
singleParticle,BY AUTHOR,FSC 0.143 CUT-OFF,23433.0,C24,1.32,EMD-20832,20191015,3.3,True
subtomogramAveraging,BY AUTHOR,FSC 0.5 CUT-OFF,,C1,7.024,EMD-6870,20171224,43.0,False
singleParticle,BY AUTHOR,FSC 0.143 CUT-OFF,19922.0,C1,1.3075,EMD-25937,20220117,3.7,False
singleParticle,BY AUTHOR,FSC 0.143 CUT-OFF,6349.0,,2.05,EMD-9180,20181003,24.5,False
singleParticle,BY AUTHOR,FSC 0.5 CUT-OFF,17900.0,,1.662,EMD-22474,20200817,7.4,True
singleParticle,BY AUTHOR,FSC 0.143 CUT-OFF,115751.0,C1,1.16,EMD-20420,20190705,4.28,True
helical,BY AUTHOR,OTHER,,,1.20398,EMD-5783,20131031,7.1,True
singleParticle,BY AUTHOR,FSC 0.143 CUT-OFF,19783.0,D4,1.35,EMD-4894,20190424,9.8,False
singleParticle,BY AUTHOR,FSC 0.143 CUT-OFF,64866.0,,2.05,EMD-20423,20190705,12.8,False
singleParticle,BY AUTHOR,FSC 0.143 CUT-OFF,191825.0,C2,1.091,EMD-9983,20190715,3.2,False
singleParticle,BY AUTHOR,FSC 0.143 CUT-OFF,4990.0,I,1.063,EMD-12595,20210312,3.9,True
singleParticle,BY AUTHOR,FSC 0.143 CUT-OFF,23236.0,C1,1.0,EMD-21544,20200313,6.0,True
singleParticle,BY AUTHOR,FSC 0.143 CUT-OFF,337823.0,C1,1.11,EMD-10312,20190913,3.4,True
singleParticle,BY AUTHOR,FSC 0.143 CUT-OFF,175007.0,,1.0,EMD-24530,20210723,3.0,True
singleParticle,BY AUTHOR,FSC 0.143 CUT-OFF,66171.0,C1,1.03,EMD-23232,20201231,3.66,True
singleParticle,BY AUTHOR,FSC 0.143 CUT-OFF,21014.0,C1,1.39,EMD-6739,20170522,11.9,False
singleParticle,BY AUTHOR,FSC 0.143 CUT-OFF,53964.0,D2,1.05,EMD-20354,20190628,3.5,True
singleParticle,BY AUTHOR,FSC 0.143 CUT-OFF,175300.0,,1.05,EMD-3488,20161113,3.2,True
singleParticle,BY AUTHOR,FSC 0.143 CUT-OFF,287490.0,C1,1.07,EMD-0804,20190930,5.5,False
singleParticle,BY AUTHOR,FSC 0.143 CUT-OFF,35521.0,T,1.15,EMD-21231,20200122,4.6,True
singleParticle,BY AUTHOR,FSC 0.143 CUT-OFF,30000.0,,1.34,EMD-9521,20160804,5.7,True
singleParticle,BY AUTHOR,FSC 0.143 CUT-OFF,100695.0,,1.718,EMD-12260,20210127,7.0,True
tomography,BY AUTHOR,FSC 0.5 CUT-OFF,61.0,,2.96,EMD-7425,20180125,12.79,False
singleParticle,BY AUTHOR,FSC 0.143 CUT-OFF,200275.0,,1.091,EMD-9780,20190118,3.0,True
singleParticle,BY AUTHOR,FSC 0.143 CUT-OFF,7337.0,C14,1.0,EMD-22076,20200528,3.1,True
singleParticle,BY AUTHOR,FSC 0.5 CUT-OFF,18123.0,D2,2.07,EMD-1527,20080623,9.9,False
singleParticle,BY AUTHOR,FSC 0.5 CUT-OFF,17822.0,C3,4.1,EMD-7921,20180524,22.0,False
singleParticle,BY AUTHOR,FSC 0.143 CUT-OFF,328188.0,C3,1.061,EMD-11332,20200708,3.0,True
singleParticle,BY AUTHOR,FSC 0.143 CUT-OFF,106572.0,,1.062,EMD-30093,20200311,3.8,True
singleParticle,BY AUTHOR,FSC 0.143 CUT-OFF,22057.0,C1,1.065,EMD-10882,20200417,5.1,False
singleParticle,BY AUTHOR,FSC 0.143 CUT-OFF,23804.0,,0.83,EMD-12381,20210217,3.24,False
singleParticle,BY AUTHOR,FSC 0.143 CUT-OFF,164857.0,C1,1.052,EMD-6941,20180421,3.0,True
singleParticle,BY AUTHOR,FSC 0.143 CUT-OFF,123059.0,C1,1.06,EMD-13802,20211030,3.79,False
singleParticle,BY AUTHOR,OTHER,1131.0,I,2.24,EMD-6168,20141028,8.8,False
singleParticle,BY AUTHOR,FSC 0.143 CUT-OFF,155896.0,C3,1.1,EMD-22750,20200929,3.0,True
helical,BY AUTHOR,FSC 0.5 CUT-OFF,34091.0,,1.07,EMD-7619,20180323,3.6,True
singleParticle,BY AUTHOR,FSC 0.143 CUT-OFF,149846.0,C2,0.83,EMD-30802,20201218,3.8,True
singleParticle,BY AUTHOR,FSC 0.5 CUT-OFF,5500.0,C7,2.02,EMD-1998,20111201,8.0,True
singleParticle,BY AUTHOR,FSC 0.143 CUT-OFF,55564.0,,1.255,EMD-8391,20160929,4.4,True
singleParticle,BY AUTHOR,FSC 0.143 CUT-OFF,7000.0,D7,1.315,EMD-13311,20210803,3.55,False
singleParticle,BY AUTHOR,FSC 0.143 CUT-OFF,339595.0,,0.82,EMD-30852,20210104,3.0,True
singleParticle,BY AUTHOR,FSC 0.143 CUT-OFF,597308.0,,0.81625,EMD-24777,20210827,2.35,True
singleParticle,BY AUTHOR,FSC 0.143 CUT-OFF,960302.0,C1,1.04,EMD-0744,20190815,2.9,True
singleParticle,BY AUTHOR,OTHER,46655.0,C1,1.24,EMD-6359,20150620,7.2,False
helical,BY AUTHOR,FSC 0.143 CUT-OFF,102700.0,,1.041,EMD-7007,20170901,3.9,True
singleParticle,BY AUTHOR,FSC 0.143 CUT-OFF,100000.0,,2.06,EMD-25011,20210927,20.0,False
singleParticle,BY AUTHOR,FSC 0.143 CUT-OFF,9841.0,,1.042,EMD-22468,20200816,3.4,False
singleParticle,BY AUTHOR,FSC 0.143 CUT-OFF,79080.0,,1.087,EMD-30495,20200902,3.4,True
singleParticle,BY AUTHOR,FSC 0.143 CUT-OFF,207633.0,C1,1.04,EMD-0937,20200105,3.5,True
singleParticle,BY AUTHOR,FSC 0.143 CUT-OFF,231875.0,C1,0.826,EMD-23350,20210126,3.5,True
singleParticle,BY AUTHOR,FSC 0.143 CUT-OFF,490606.0,C1,0.81,EMD-31869,20210830,2.9,True
singleParticle,BY AUTHOR,FSC 0.143 CUT-OFF,79651.0,,0.99296874,EMD-26081,20220128,3.4,True
singleParticle,BY AUTHOR,FSC 0.143 CUT-OFF,128927.0,C1,1.03,EMD-30262,20200428,4.0,True
singleParticle,BY AUTHOR,FSC 0.143 CUT-OFF,80810.0,C1,1.06,EMD-3695,20170426,3.8,True
singleParticle,BY AUTHOR,FSC 0.143 CUT-OFF,270587.0,C1,1.36,EMD-0361,20181128,3.2,True
singleParticle,BY AUTHOR,FSC 0.143 CUT-OFF,249296.0,C1,1.64,EMD-24002,20210514,4.0,False
singleParticle,BY AUTHOR,FSC 0.143 CUT-OFF,69539.0,C1,1.7699999,EMD-22715,20200926,15.9,False
helical,BY AUTHOR,FSC 0.143 CUT-OFF,36253.0,,0.93,EMD-14062,20211219,3.32,True
singleParticle,BY AUTHOR,FSC 0.143 CUT-OFF,99241.0,,1.0825,EMD-30416,20200730,2.93,True
singleParticle,BY AUTHOR,FSC 0.5 CUT-OFF,12144.0,C2,4.2,EMD-0378,20181203,10.0,False
singleParticle,BY AUTHOR,FSC 0.143 CUT-OFF,167761.0,C1,1.083,EMD-6773,20170618,3.7,True
tomography,BY AUTHOR,FSC 0.5 CUT-OFF,65.0,,1.4800001,EMD-7682,20180327,14.7,False
subtomogramAveraging,BY AUTHOR,FSC 0.143 CUT-OFF,,C1,10.32,EMD-25809,20211223,34.0,False
singleParticle,BY AUTHOR,FSC 0.143 CUT-OFF,45361.0,C2,1.45,EMD-8246,20160711,4.54,True
singleParticle,BY AUTHOR,OTHER,911.0,O,2.7375,EMD-1158,20050910,12.0,False
singleParticle,BY AUTHOR,FSC 0.143 CUT-OFF,6764.0,C1,1.98,EMD-21277,20200131,19.0,False
singleParticle,BY AUTHOR,FSC 0.143 CUT-OFF,179188.0,C1,1.03,EMD-21898,20200503,3.3,True
singleParticle,BY AUTHOR,FSC 0.143 CUT-OFF,75479.0,C2,0.84,EMD-0502,20190128,4.1,True
singleParticle,BY AUTHOR,FSC 0.143 CUT-OFF,100403.0,,1.04,EMD-30433,20200808,3.03,True
helical,BY AUTHOR,FSC 0.143 CUT-OFF,8507.0,,1.28,EMD-6781,20170705,6.46,True
singleParticle,BY AUTHOR,FSC 0.143 CUT-OFF,533495.0,C6,1.073,EMD-30154,20200323,4.8,False
singleParticle,BY AUTHOR,FSC 0.143 CUT-OFF,352285.0,C1,1.12,EMD-10366,20191007,3.7,True
singleParticle,BY AUTHOR,OTHER,72293.0,C1,1.03,EMD-2661,20140522,3.4,False
singleParticle,BY AUTHOR,FSC 0.143 CUT-OFF,58773.0,C1,1.3399999,EMD-4137,20161002,3.47,True
singleParticle,BY AUTHOR,FSC 0.143 CUT-OFF,51336.0,C1,0.65,EMD-25913,20220113,3.7,True
singleParticle,BY AUTHOR,FSC 0.143 CUT-OFF,31911.0,,1.39,EMD-0232,20180831,3.27,True
singleParticle,BY AUTHOR,FSC 0.143 CUT-OFF,265224.0,D6,0.759,EMD-23263,20210108,3.16,True
singleParticle,BY AUTHOR,OTHER,958.0,C6,2.11,EMD-6477,20151005,23.0,False
singleParticle,BY AUTHOR,FSC 0.143 CUT-OFF,31619.0,,1.39,EMD-0231,20180831,3.39,True
singleParticle,BY AUTHOR,OTHER,47520.0,C1,2.2,EMD-1554,20080908,13.0,False
singleParticle,BY AUTHOR,OTHER,56000.0,C3,2.64,EMD-6389,20150717,17.0,False
singleParticle,BY AUTHOR,FSC 0.143 CUT-OFF,30835.0,C3,2.05,EMD-21167,20200105,15.62,False
singleParticle,BY AUTHOR,OTHER,9271.0,C2,1.76,EMD-3453,20161101,15.0,False
singleParticle,BY AUTHOR,FSC 0.143 CUT-OFF,20644.0,,0.8283,EMD-20307,20190618,2.8,True
singleParticle,BY AUTHOR,FSC 0.143 CUT-OFF,320000.0,C1,0.65,EMD-10152,20190729,3.5,True
singleParticle,BY AUTHOR,FSC 0.143 CUT-OFF,6516.0,C1,1.3475,EMD-25963,20220117,6.3,True
singleParticle,BY AUTHOR,FSC 0.143 CUT-OFF,9100.0,,1.04,EMD-32057,20211014,8.0,False
singleParticle,BY AUTHOR,FSC 0.5 CUT-OFF,992.0,I,2.8,EMD-1299,20061122,21.0,False
singleParticle,BY AUTHOR,FSC 0.5 CUT-OFF,23275.0,C1,2.0,EMD-5598,20130306,17.0,False
singleParticle,BY AUTHOR,FSC 0.5 CUT-OFF,4503.0,,4.36,EMD-3737,20170524,25.0,False
singleParticle,BY AUTHOR,OTHER,2682.0,I,2.8,EMD-2574,20140212,14.5,False
singleParticle,BY AUTHOR,FSC 0.143 CUT-OFF,46070.0,C60,0.97,EMD-10220,20190814,3.6,True
singleParticle,BY AUTHOR,FSC 0.143 CUT-OFF,83979.0,C1,0.97,EMD-20614,20190817,3.0,True
singleParticle,BY AUTHOR,FSC 0.143 CUT-OFF,23278.0,C1,1.085,EMD-11771,20200919,3.86,True
singleParticle,BY AUTHOR,FSC 0.143 CUT-OFF,6574.0,C1,1.03,EMD-9030,20180808,6.7,False
singleParticle,BY AUTHOR,FSC 0.5 CUT-OFF,1739.0,,2.05,EMD-21801,20200417,20.0,False
singleParticle,BY AUTHOR,FSC 0.143 CUT-OFF,65018.0,,1.11,EMD-11614,20200815,3.7,True
singleParticle,BY AUTHOR,FSC 0.143 CUT-OFF,11400.0,D7,1.0605,EMD-8999,20180726,2.74,False
singleParticle,BY AUTHOR,FSC 0.143 CUT-OFF,57430.0,,0.82,EMD-8282,20160916,3.9,True
singleParticle,BY AUTHOR,FSC 0.143 CUT-OFF,821.0,I,2.027,EMD-23330,20210121,9.6,False
singleParticle,BY AUTHOR,FSC 0.143 CUT-OFF,101742.0,C1,1.06,EMD-4287,20180205,3.57,True
singleParticle,BY AUTHOR,FSC 0.143 CUT-OFF,84693.0,,1.057,EMD-32002,20210922,3.27,True
singleParticle,BY AUTHOR,FSC 0.143 CUT-OFF,6238.0,C1,2.5,EMD-1282,20061027,22.0,False
singleParticle,BY AUTHOR,FSC 0.143 CUT-OFF,307018.0,,1.014,EMD-30505,20200907,2.6,True
tomography,BY AUTHOR,FSC 0.5 CUT-OFF,25.0,,1.88,EMD-25231,20211028,25.0,False
singleParticle,BY AUTHOR,OTHER,404065.0,C1,1.074,EMD-23934,20210504,3.05,True
singleParticle,BY AUTHOR,FSC 0.143 CUT-OFF,1463548.0,,1.0979,EMD-31743,20210820,3.99,True
singleParticle,BY AUTHOR,FSC 0.143 CUT-OFF,46067.0,,1.084,EMD-3451,20161025,4.8,True
singleParticle,BY AUTHOR,FSC 0.143 CUT-OFF,211000.0,C1,1.08,EMD-24290,20210624,3.07,True
helical,BY AUTHOR,FSC 0.5 CUT-OFF,,,5.526,EMD-1037,20030228,25.0,False
singleParticle,BY AUTHOR,FSC 0.143 CUT-OFF,228291.0,,0.8511999,EMD-13674,20211006,3.27,True
singleParticle,BY AUTHOR,OTHER,4000.0,,4.2475,EMD-24096,20210524,20.0,False
singleParticle,BY AUTHOR,FSC 0.143 CUT-OFF,4674.0,C1,1.98,EMD-21057,20191204,27.0,False
subtomogramAveraging,BY AUTHOR,FSC 0.143 CUT-OFF,,C1,6.982,EMD-10935,20200427,39.0,False
singleParticle,BY AUTHOR,FSC 0.143 CUT-OFF,73566.0,,0.9,EMD-8991,20180724,5.2,False
singleParticle,BY AUTHOR,FSC 0.143 CUT-OFF,78000.0,,1.09,EMD-20139,20190422,3.9,False
singleParticle,BY AUTHOR,FSC 0.143 CUT-OFF,4501.0,,2.05,EMD-9182,20181003,26.8,False
singleParticle,BY AUTHOR,FSC 0.143 CUT-OFF,17697.0,I,1.096,EMD-20546,20190801,3.4,True
singleParticle,BY AUTHOR,FSC 0.143 CUT-OFF,46820.0,C1,1.053,EMD-4836,20190412,3.5,True
singleParticle,BY AUTHOR,FSC 0.143 CUT-OFF,24855.0,,1.032,EMD-23134,20201217,3.09,True
helical,BY AUTHOR,FSC 0.143 CUT-OFF,85000.0,,0.9861,EMD-7100,20171102,6.0,True
singleParticle,BY AUTHOR,OTHER,40613.0,D7,2.4,EMD-6492,20151021,6.8,False
singleParticle,BY AUTHOR,FSC 0.143 CUT-OFF,454740.0,C2,0.9100001,EMD-13867,20211112,3.3,True
singleParticle,BY AUTHOR,FSC 0.143 CUT-OFF,131286.0,I,1.063,EMD-14183,20220124,2.5,True
singleParticle,BY AUTHOR,FSC 0.143 CUT-OFF,154901.0,,1.029,EMD-24780,20210827,3.3,True
singleParticle,BY AUTHOR,FSC 0.143 CUT-OFF,69964.0,,2.54,EMD-30144,20200321,5.9,False
singleParticle,BY AUTHOR,FSC 0.5 CUT-OFF,677.0,,1.7700001,EMD-21754,20200417,20.0,False
singleParticle,BY AUTHOR,FSC 0.143 CUT-OFF,109780.0,D7,0.6575,EMD-9201,20181012,2.96,False
singleParticle,BY AUTHOR,FSC 0.5 CUT-OFF,2775.0,C1,10.026,EMD-1996,20111123,37.0,False
singleParticle,BY AUTHOR,OTHER,1175.0,,1.048,EMD-11536,20200730,20.2,False
subtomogramAveraging,BY AUTHOR,FSC 0.143 CUT-OFF,,C1,1.7005,EMD-13433,20210819,6.3,True
singleParticle,BY AUTHOR,FSC 0.143 CUT-OFF,291146.0,C3,1.078,EMD-0235,20180904,3.3,True
singleParticle,BY AUTHOR,FSC 0.143 CUT-OFF,42237.0,,1.093,EMD-32178,20211112,3.6,True
singleParticle,BY AUTHOR,FSC 0.143 CUT-OFF,200679.0,C1,0.8141,EMD-4936,20190506,3.4,True
singleParticle,BY AUTHOR,FSC 0.143 CUT-OFF,2707.0,C1,5.8,EMD-12044,20201207,23.0,False
singleParticle,BY AUTHOR,FSC 0.143 CUT-OFF,46757.0,,1.064,EMD-0469,20190117,2.92,True
singleParticle,BY AUTHOR,FSC 0.143 CUT-OFF,127186.0,,0.83,EMD-12436,20210217,2.9,True
singleParticle,BY AUTHOR,FSC 0.143 CUT-OFF,629232.0,,1.014,EMD-32528,20220103,2.8,True
singleParticle,BY AUTHOR,FSC 0.143 CUT-OFF,32031.0,D2,1.0635,EMD-11971,20201122,3.86,True
singleParticle,BY AUTHOR,FSC 0.143 CUT-OFF,154025.0,C1,1.014,EMD-11885,20201025,4.1,True
singleParticle,BY AUTHOR,OTHER,77962.0,C1,1.69,EMD-2797,20141015,9.6,False
singleParticle,BY AUTHOR,OTHER,79423.0,C1,1.22,EMD-2812,20141104,5.0,False
singleParticle,BY AUTHOR,FSC 0.143 CUT-OFF,646291.0,,1.06,EMD-21876,20200429,2.9,True
singleParticle,BY AUTHOR,FSC 0.143 CUT-OFF,17253.0,I,0.8908,EMD-20207,20190506,2.6,True
singleParticle,BY AUTHOR,OTHER,13303.0,C5,2.5,EMD-2552,20140107,9.0,False
singleParticle,BY AUTHOR,FSC 0.5 CUT-OFF,101000.0,C2,1.2,EMD-5148,20091210,4.0,True
tomography,BY AUTHOR,FSC 0.5 CUT-OFF,21.0,,1.88,EMD-25276,20211030,25.0,False
singleParticle,BY AUTHOR,FSC 0.143 CUT-OFF,47000.0,C1,1.3,EMD-22043,20200524,3.8,True
singleParticle,BY AUTHOR,FSC 0.143 CUT-OFF,529602.0,,1.1899999,EMD-23052,20201130,3.75,True
singleParticle,BY AUTHOR,FSC 0.143 CUT-OFF,32195.0,,1.052,EMD-11422,20200720,3.0,True
singleParticle,BY AUTHOR,FSC 0.143 CUT-OFF,114389.0,I,1.09,EMD-8973,20180713,3.4,True
singleParticle,BY AUTHOR,OTHER,4953.0,C1,4.26,EMD-6060,20140827,16.0,False
helical,BY AUTHOR,FSC 0.143 CUT-OFF,215369.0,,1.03,EMD-20844,20191018,2.9,True
singleParticle,BY AUTHOR,FSC 0.143 CUT-OFF,61485.0,C2,1.048,EMD-11227,20200626,3.66,True
singleParticle,BY AUTHOR,OTHER,1247.0,,1.048,EMD-11503,20200729,18.1,False
singleParticle,BY AUTHOR,FSC 0.143 CUT-OFF,7581.0,C1,1.3475,EMD-25959,20220117,6.7,True
singleParticle,BY AUTHOR,OTHER,63445.0,C1,1.35,EMD-3439,20160525,4.8,True
singleParticle,BY AUTHOR,FSC 0.5 CUT-OFF,13000.0,C12,1.95,EMD-5722,20130717,15.0,False
subtomogramAveraging,BY AUTHOR,FSC 0.5 CUT-OFF,,,5.8799996,EMD-7594,20180319,35.0,False
singleParticle,BY AUTHOR,FSC 0.143 CUT-OFF,6390.0,I,1.063,EMD-13022,20210602,2.63,True
singleParticle,BY AUTHOR,FSC 0.143 CUT-OFF,251610.0,C1,0.83199996,EMD-10692,20200225,2.8,True
singleParticle,BY AUTHOR,FSC 0.143 CUT-OFF,124227.0,C3,1.0,EMD-23876,20210420,2.73,True
electronCrystallography,BY AUTHOR,DIFFRACTION PATTERN/LAYERLINES,,,0.5629625,EMD-22463,20200816,1.78,True
singleParticle,BY AUTHOR,FSC 0.143 CUT-OFF,100905.0,C1,1.056,EMD-20765,20190926,3.7,True
singleParticle,BY AUTHOR,OTHER,4489.0,C10,1.72,EMD-6460,20150905,12.5,False
singleParticle,BY AUTHOR,FSC 0.143 CUT-OFF,2418968.0,,1.387,EMD-31602,20210731,3.0,True
singleParticle,BY AUTHOR,FSC 0.143 CUT-OFF,46389.0,,1.09,EMD-0854,20191111,2.32,True
singleParticle,BY AUTHOR,FSC 0.143 CUT-OFF,142676.0,,1.06,EMD-20216,20190510,2.98,True
singleParticle,BY AUTHOR,FSC 0.143 CUT-OFF,153218.0,,0.858,EMD-32495,20211229,3.7,False
singleParticle,BY AUTHOR,FSC 0.143 CUT-OFF,96299.0,,1.16,EMD-22625,20200907,4.1,True
subtomogramAveraging,BY AUTHOR,FSC 0.143 CUT-OFF,,C2,8.558,EMD-10527,20191204,34.0,False
singleParticle,BY AUTHOR,FSC 0.143 CUT-OFF,257589.0,,1.08,EMD-31390,20210602,3.0,False
helical,BY AUTHOR,FSC 0.143 CUT-OFF,23162.0,,1.187,EMD-25117,20211007,3.7,False
singleParticle,BY AUTHOR,FSC 0.143 CUT-OFF,34904.0,,1.17,EMD-31099,20210323,5.76,False
singleParticle,BY AUTHOR,FSC 0.143 CUT-OFF,10011.0,C1,2.419,EMD-1065,20031219,17.5,False
singleParticle,BY AUTHOR,FSC 0.143 CUT-OFF,72130.0,C1,1.0599998,EMD-10326,20190923,3.7,False
singleParticle,BY AUTHOR,FSC 0.143 CUT-OFF,86420.0,C2,0.86,EMD-8332,20160815,3.8,True
singleParticle,BY AUTHOR,FSC 0.143 CUT-OFF,75959.0,,2.244,EMD-24020,20210514,4.6,True
singleParticle,BY AUTHOR,FSC 0.143 CUT-OFF,91694.0,C4,1.08,EMD-8919,20180625,4.3,True
singleParticle,BY AUTHOR,FSC 0.143 CUT-OFF,185400.0,C1,0.8310999,EMD-10996,20200503,3.08,True
singleParticle,BY AUTHOR,FSC 0.143 CUT-OFF,1367.0,,1.128,EMD-0818,20191007,16.55,False
singleParticle,BY AUTHOR,FSC 0.143 CUT-OFF,11377.0,C1,1.065,EMD-10270,20190829,10.8,True
singleParticle,BY AUTHOR,FSC 0.143 CUT-OFF,72864.0,C1,1.07,EMD-20957,20191114,3.4,True
singleParticle,BY AUTHOR,FSC 0.143 CUT-OFF,32504.0,C1,1.1,EMD-0009,20180515,4.7,True
singleParticle,BY AUTHOR,FSC 0.143 CUT-OFF,6000.0,O,2.5,EMD-8613,20170223,7.8,False
singleParticle,BY AUTHOR,FSC 0.143 CUT-OFF,5294.0,C1,1.506,EMD-7954,20180529,10.7,False
singleParticle,BY AUTHOR,FSC 0.143 CUT-OFF,10236.0,,2.284,EMD-31129,20210324,19.1,False
singleParticle,BY AUTHOR,FSC 0.143 CUT-OFF,70745.0,C1,0.86,EMD-0379,20181204,3.7,True
singleParticle,BY AUTHOR,FSC 0.143 CUT-OFF,117919.0,C1,0.86,EMD-10657,20200203,2.54,True
singleParticle,BY AUTHOR,FSC 0.143 CUT-OFF,304615.0,,1.33,EMD-7130,20171128,3.9,True
helical,BY AUTHOR,FSC 0.5 CUT-OFF,,,1.4,EMD-1702,20100209,13.0,False
singleParticle,BY AUTHOR,FSC 0.143 CUT-OFF,28188.0,C1,1.03,EMD-23237,20210101,4.5,True
singleParticle,BY AUTHOR,FSC 0.143 CUT-OFF,247154.0,C2,1.49,EMD-30029,20200220,4.36,True
singleParticle,BY AUTHOR,FSC 0.143 CUT-OFF,9549.0,D4,1.3655,EMD-20720,20190913,7.13,False
singleParticle,BY AUTHOR,FSC 0.143 CUT-OFF,159729.0,,1.16,EMD-4124,20161026,3.4,True
singleParticle,BY AUTHOR,FSC 0.143 CUT-OFF,187830.0,C1,2.64,EMD-3703,20170504,8.4,True
singleParticle,BY AUTHOR,FSC 0.5 CUT-OFF,985.0,I,2.8,EMD-1351,20070402,10.5,False
singleParticle,BY AUTHOR,FSC 0.143 CUT-OFF,65259.0,,0.98,EMD-7121,20171118,4.0,True
singleParticle,BY AUTHOR,FSC 0.143 CUT-OFF,44951.0,,0.82,EMD-32539,20220105,3.53,True
singleParticle,BY AUTHOR,OTHER,50352.0,I,1.08,EMD-6555,20151207,2.9,True
helical,BY AUTHOR,FSC 0.143 CUT-OFF,559067.0,,1.332,EMD-20719,20190913,3.5,False
singleParticle,BY AUTHOR,FSC 0.143 CUT-OFF,146475.0,D2,1.0635,EMD-4414,20181113,2.4,False
subtomogramAveraging,BY AUTHOR,FSC 0.143 CUT-OFF,,D4,3.42,EMD-3694,20170426,16.5,False
singleParticle,BY AUTHOR,FSC 0.143 CUT-OFF,278663.0,C2,1.048,EMD-21902,20200504,3.09,True
singleParticle,BY AUTHOR,FSC 0.143 CUT-OFF,122403.0,C2,0.82,EMD-31477,20210624,4.91,False
singleParticle,BY AUTHOR,FSC 0.143 CUT-OFF,162615.0,,1.04,EMD-31546,20210716,3.69,True
electronCrystallography,BY AUTHOR,OTHER,,,2.4208333,EMD-2315,20130212,10.0,False
singleParticle,BY AUTHOR,OTHER,16361.0,C1,4.1,EMD-6197,20141120,24.0,False
electronCrystallography,BY AUTHOR,DIFFRACTION PATTERN/LAYERLINES,,,0.486,EMD-7511,20180302,1.46,True
singleParticle,BY AUTHOR,FSC 0.143 CUT-OFF,6870.0,,1.84,EMD-24811,20210902,7.1,False
singleParticle,BY AUTHOR,FSC 0.143 CUT-OFF,150316.0,C1,0.87,EMD-32160,20211111,3.1,False
singleParticle,BY AUTHOR,FSC 0.143 CUT-OFF,40233.0,C1,1.05,EMD-10059,20190612,4.0,True
singleParticle,BY AUTHOR,FSC 0.143 CUT-OFF,68096.0,C1,0.652,EMD-12873,20210504,3.5,False
singleParticle,BY AUTHOR,FSC 0.143 CUT-OFF,364771.0,C1,1.05,EMD-12087,20201211,2.8,True
singleParticle,BY AUTHOR,FSC 0.143 CUT-OFF,24302.0,C1,1.07,EMD-0363,20181128,3.9,True
singleParticle,BY AUTHOR,FSC 0.143 CUT-OFF,273183.0,,1.087,EMD-30897,20210118,3.0,True
subtomogramAveraging,BY AUTHOR,OTHER,,C1,6.07,EMD-5852,20140106,71.0,False
singleParticle,BY AUTHOR,FSC 0.143 CUT-OFF,290516.0,C4,0.82,EMD-21487,20200227,3.45,True
singleParticle,BY AUTHOR,FSC 0.143 CUT-OFF,174399.0,C1,0.83199996,EMD-12140,20201218,3.2,True
singleParticle,BY AUTHOR,FSC 0.143 CUT-OFF,33455.0,,0.8999999,EMD-20286,20190613,4.35,True
helical,BY AUTHOR,OTHER,,,2.73,EMD-5366,20111209,16.0,False
singleParticle,BY AUTHOR,FSC 0.143 CUT-OFF,614883.0,C1,1.06,EMD-7039,20170922,3.3,True
singleParticle,BY AUTHOR,FSC 0.143 CUT-OFF,131679.0,C1,1.088,EMD-7468,20180217,3.7,True
helical,BY AUTHOR,FSC 0.5 CUT-OFF,,,1.64,EMD-2209,20121005,21.0,True
singleParticle,BY AUTHOR,FSC 0.143 CUT-OFF,94041.0,C1,1.09,EMD-11837,20201014,4.5,True
singleParticle,BY AUTHOR,FSC 0.143 CUT-OFF,338867.0,,1.12,EMD-9853,20190320,2.9,True
singleParticle,BY AUTHOR,FSC 0.143 CUT-OFF,554951.0,C1,0.89000005,EMD-25887,20220109,3.0,True
singleParticle,BY AUTHOR,FSC 0.143 CUT-OFF,272354.0,,1.064,EMD-32552,20220108,3.24,True
singleParticle,BY AUTHOR,FSC 0.143 CUT-OFF,20000.0,,2.18625,EMD-23845,20210416,5.8,True
helical,BY AUTHOR,OTHER,,,2.097,EMD-6188,20141118,5.0,True
singleParticle,BY AUTHOR,FSC 0.143 CUT-OFF,5343.0,C1,1.31,EMD-8449,20161025,4.7,False
subtomogramAveraging,BY AUTHOR,FSC 0.143 CUT-OFF,,C6,1.35,EMD-13354,20210810,3.3,False
singleParticle,BY AUTHOR,FSC 0.143 CUT-OFF,6778.0,,0.91,EMD-20610,20190814,3.02,True
singleParticle,BY AUTHOR,OTHER,73608.0,C1,1.37,EMD-6102,20140921,7.7,True
singleParticle,BY AUTHOR,FSC 0.143 CUT-OFF,23112.0,C1,2.02,EMD-3494,20161114,13.5,True
singleParticle,BY AUTHOR,FSC 0.143 CUT-OFF,31262.0,,1.02,EMD-12768,20210419,3.2,False
singleParticle,BY AUTHOR,FSC 0.5 CUT-OFF,8155.0,,2.05,EMD-20737,20190919,17.0,False
singleParticle,BY AUTHOR,FSC 0.143 CUT-OFF,234898.0,C10,0.822,EMD-13103,20210622,2.7,True
singleParticle,BY AUTHOR,FSC 0.5 CUT-OFF,19079.0,C3,4.1,EMD-7912,20180523,19.0,False
singleParticle,BY AUTHOR,FSC 0.143 CUT-OFF,169988.0,,0.82,EMD-30945,20210203,2.93,True
singleParticle,BY AUTHOR,FSC 0.143 CUT-OFF,39661.0,,1.37,EMD-25850,20220105,5.23,True
singleParticle,BY AUTHOR,FSC 0.5 CUT-OFF,1800.0,I,4.24,EMD-1580,20081104,13.0,False
subtomogramAveraging,BY AUTHOR,FSC 0.5 CUT-OFF,,,7.25,EMD-2116,20120610,47.0,False
singleParticle,BY AUTHOR,FSC 0.143 CUT-OFF,84539.0,C1,1.16,EMD-11694,20200907,3.9,True
singleParticle,BY AUTHOR,FSC 0.143 CUT-OFF,493148.0,,1.04,EMD-31991,20210921,3.8,False
singleParticle,BY AUTHOR,FSC 0.143 CUT-OFF,88393.0,C1,0.8521,EMD-24378,20210702,3.45,True
singleParticle,BY AUTHOR,OTHER,179079.0,C1,1.77,EMD-2966,20150329,5.9,False
singleParticle,BY AUTHOR,FSC 0.143 CUT-OFF,2564.0,,1.742,EMD-21695,20200414,6.1,False
singleParticle,BY AUTHOR,FSC 0.143 CUT-OFF,28972.0,C1,1.061,EMD-0177,20180807,3.5,True
helical,BY AUTHOR,FSC 0.143 CUT-OFF,24609.0,,1.15,EMD-0522,20190201,3.1,True
singleParticle,BY AUTHOR,FSC 0.143 CUT-OFF,26275.0,,1.35,EMD-32491,20211229,3.5,True
singleParticle,BY AUTHOR,FSC 0.143 CUT-OFF,10413.0,,1.06,EMD-10738,20200310,6.9,True
singleParticle,BY AUTHOR,FSC 0.143 CUT-OFF,154929.0,,1.1,EMD-12518,20210228,3.81,True
singleParticle,BY AUTHOR,FSC 0.5 CUT-OFF,150000.0,C1,1.24,EMD-1666,20091124,7.1,False
singleParticle,BY AUTHOR,FSC 0.143 CUT-OFF,133167.0,,1.04,EMD-30994,20210220,3.6,True
helical,BY AUTHOR,FSC 0.143 CUT-OFF,268618.0,,1.045,EMD-22638,20200908,3.2,True
singleParticle,BY AUTHOR,FSC 0.143 CUT-OFF,28499.0,,1.34,EMD-6848,20171129,4.4,True
singleParticle,BY AUTHOR,FSC 0.143 CUT-OFF,28073.0,C4,1.3,EMD-21029,20191125,3.8,True
singleParticle,BY AUTHOR,FSC 0.143 CUT-OFF,269498.0,,0.858,EMD-30796,20201215,2.38,True
singleParticle,BY AUTHOR,FSC 0.143 CUT-OFF,224584.0,C1,1.39,EMD-3750,20170602,3.18,True
singleParticle,BY AUTHOR,FSC 0.143 CUT-OFF,47632.0,C2,1.063,EMD-23495,20210216,3.22,True
singleParticle,BY AUTHOR,FSC 0.143 CUT-OFF,246240.0,,1.093,EMD-32365,20211209,3.1,True
singleParticle,BY AUTHOR,FSC 0.143 CUT-OFF,46935.0,,0.82,EMD-8280,20160916,4.1,True
singleParticle,BY AUTHOR,FSC 0.143 CUT-OFF,143855.0,C4,1.074,EMD-7620,20180325,3.3,True
singleParticle,BY AUTHOR,FSC 0.143 CUT-OFF,90590.0,,1.31,EMD-8137,20160502,3.9,True
singleParticle,BY AUTHOR,FSC 0.143 CUT-OFF,16000.0,C1,1.3,EMD-22006,20200520,4.0,True
singleParticle,BY AUTHOR,FSC 0.143 CUT-OFF,55265.0,C1,1.42,EMD-0294,20181018,13.5,False
subtomogramAveraging,BY AUTHOR,FSC 0.5 CUT-OFF,,,5.47,EMD-1216,20060418,28.0,False
singleParticle,BY AUTHOR,FSC 0.143 CUT-OFF,260853.0,C1,1.065,EMD-4560,20190120,3.1,True
singleParticle,BY AUTHOR,FSC 0.143 CUT-OFF,69829.0,C1,1.05,EMD-22660,20200914,3.7,True
singleParticle,BY AUTHOR,FSC 0.143 CUT-OFF,103653.0,C1,0.978,EMD-13319,20210803,5.82,True
singleParticle,BY AUTHOR,FSC 0.143 CUT-OFF,58945.0,C2,0.65,EMD-13590,20210917,2.9,True
singleParticle,BY AUTHOR,FSC 0.143 CUT-OFF,223847.0,,1.4,EMD-12435,20210217,4.07,True
singleParticle,BY AUTHOR,FSC 0.143 CUT-OFF,120535.0,,1.0,EMD-25503,20211124,3.0,True
singleParticle,BY AUTHOR,OTHER,22117.0,C1,1.64,EMD-3170,20150924,7.1,True
helical,BY AUTHOR,OTHER,,,1.82,EMD-3196,20151005,12.1,False
subtomogramAveraging,BY AUTHOR,FSC 0.5 CUT-OFF,,,7.25,EMD-2129,20120611,42.9,False
singleParticle,BY AUTHOR,FSC 0.143 CUT-OFF,10714.0,,1.12,EMD-30814,20201222,3.8,True
singleParticle,BY AUTHOR,FSC 0.143 CUT-OFF,4210.0,,2.05,EMD-20942,20191108,22.5,False
singleParticle,BY AUTHOR,FSC 0.5 CUT-OFF,7005.0,,3.31,EMD-3868,20170912,26.3,False
singleParticle,BY AUTHOR,FSC 0.143 CUT-OFF,43661.0,C1,1.05,EMD-20457,20190710,3.3,True
singleParticle,BY AUTHOR,FSC 0.143 CUT-OFF,28801.0,C1,0.88,EMD-31850,20210830,3.2,True
singleParticle,BY AUTHOR,FSC 0.143 CUT-OFF,64489.0,,1.06,EMD-20495,20190721,5.18,True
helical,BY AUTHOR,FSC 0.143 CUT-OFF,33838.0,,1.306,EMD-9566,20161008,4.4,True
singleParticle,BY AUTHOR,FSC 0.143 CUT-OFF,31413.0,,1.03,EMD-25496,20211122,6.87,True
singleParticle,BY AUTHOR,FSC 0.143 CUT-OFF,8555.0,C1,4.02,EMD-22970,20201107,17.5,False
singleParticle,BY AUTHOR,FSC 0.143 CUT-OFF,404706.0,,1.065,EMD-23007,20201120,3.4,True
singleParticle,BY AUTHOR,FSC 0.143 CUT-OFF,79006.0,C4,1.08,EMD-20194,20190502,3.6,True
singleParticle,BY AUTHOR,FSC 0.143 CUT-OFF,138348.0,,0.834,EMD-23199,20201223,4.8,False
helical,BY AUTHOR,FSC 0.143 CUT-OFF,163128.0,,1.08,EMD-22460,20200816,3.9,True
singleParticle,BY AUTHOR,FSC 0.143 CUT-OFF,168601.0,C1,1.1492,EMD-21707,20200416,3.5,True
singleParticle,BY AUTHOR,OTHER,797000.0,C1,1.03,EMD-24186,20210605,2.8,True
singleParticle,BY AUTHOR,FSC 0.143 CUT-OFF,200000.0,,1.06,EMD-31273,20210507,2.62,False
singleParticle,BY AUTHOR,FSC 0.143 CUT-OFF,178000.0,,1.56,EMD-3845,20170811,4.4,False
singleParticle,BY AUTHOR,FSC 0.143 CUT-OFF,1295406.0,,0.833,EMD-25681,20211210,2.35,True
subtomogramAveraging,BY AUTHOR,FSC 0.143 CUT-OFF,,C2,15.6,EMD-0464,20190115,64.0,False
singleParticle,BY AUTHOR,FSC 0.143 CUT-OFF,19301.0,C1,1.085,EMD-12246,20210125,3.31,True
singleParticle,BY AUTHOR,FSC 0.143 CUT-OFF,25472.0,,2.32,EMD-4028,20160612,18.0,False
singleParticle,BY AUTHOR,FSC 0.143 CUT-OFF,110380.0,C1,1.093,EMD-30821,20201225,3.2,True
singleParticle,BY AUTHOR,FSC 0.143 CUT-OFF,2651.0,,1.28,EMD-11200,20200618,19.5,False
singleParticle,BY AUTHOR,FSC 0.143 CUT-OFF,125948.0,,1.045,EMD-30556,20200919,2.6,True
singleParticle,BY AUTHOR,OTHER,10000.0,D7,1.2156,EMD-6244,20150119,3.6,False
helical,BY AUTHOR,FSC 0.143 CUT-OFF,14178.0,,1.307,EMD-0803,20190930,3.37,True
singleParticle,BY AUTHOR,FSC 0.143 CUT-OFF,374000.0,C1,1.04,EMD-10430,20191031,3.2,True
singleParticle,BY AUTHOR,FSC 0.143 CUT-OFF,74929.0,,1.58,EMD-12559,20210305,3.5,True
singleParticle,BY AUTHOR,FSC 0.143 CUT-OFF,8857.0,D6,3.84,EMD-11599,20200806,19.0,False
singleParticle,BY AUTHOR,FSC 0.143 CUT-OFF,73640.0,,1.09,EMD-20967,20191118,3.9,True
subtomogramAveraging,BY AUTHOR,FSC 0.143 CUT-OFF,,C1,2.7,EMD-12147,20201221,11.8,False
singleParticle,BY AUTHOR,FSC 0.143 CUT-OFF,55657.0,,1.68,EMD-13625,20210927,7.43,False
singleParticle,BY AUTHOR,FSC 0.143 CUT-OFF,121353.0,C3,0.88,EMD-0730,20190805,2.99,True
singleParticle,BY AUTHOR,FSC 0.143 CUT-OFF,1072.0,I,0.96999997,EMD-21004,20191119,3.77,True
singleParticle,BY AUTHOR,FSC 0.143 CUT-OFF,112959.0,,1.0,EMD-31403,20210606,5.8,True
singleParticle,BY AUTHOR,FSC 0.143 CUT-OFF,39125.0,C2,0.83,EMD-25188,20211022,3.4,True
singleParticle,BY AUTHOR,FSC 0.143 CUT-OFF,32669.0,,1.36,EMD-31506,20210707,4.6,False
singleParticle,BY AUTHOR,FSC 0.143 CUT-OFF,300148.0,,1.014,EMD-31182,20210409,4.9,True
singleParticle,BY AUTHOR,FSC 0.143 CUT-OFF,2900.0,,1.26,EMD-20219,20190513,5.3,False
singleParticle,BY AUTHOR,FSC 0.5 CUT-OFF,2379.0,C6,2.8,EMD-1599,20090210,12.8,False
singleParticle,BY AUTHOR,FSC 0.143 CUT-OFF,36446.0,,1.084,EMD-4351,20180328,4.5,True
electronCrystallography,BY AUTHOR,DIFFRACTION PATTERN/LAYERLINES,,,0.554,EMD-8220,20160526,1.7,True
singleParticle,BY AUTHOR,OTHER,376.0,C1,4.1,EMD-5970,20140519,60.0,False
singleParticle,BY AUTHOR,FSC 0.5 CUT-OFF,5400.0,C1,2.05,EMD-20882,20191030,18.0,False
singleParticle,BY AUTHOR,FSC 0.143 CUT-OFF,107000.0,,4.638,EMD-13567,20210908,17.0,False
singleParticle,BY AUTHOR,FSC 0.143 CUT-OFF,117266.0,,1.065,EMD-23885,20210421,3.9,False
subtomogramAveraging,BY AUTHOR,FSC 0.5 CUT-OFF,,C1,5.0,EMD-0538,20190208,30.0,False
singleParticle,BY AUTHOR,FSC 0.143 CUT-OFF,98324.0,C1,1.3,EMD-20461,20190713,3.4,True
singleParticle,BY AUTHOR,FSC 0.143 CUT-OFF,151240.0,C1,1.06,EMD-24791,20210830,3.7,True
helical,BY AUTHOR,FSC 0.143 CUT-OFF,57358.0,,1.1,EMD-12268,20210128,4.23,True
helical,BY AUTHOR,FSC 0.5 CUT-OFF,204423.0,,1.1,EMD-24595,20210730,4.0,True
singleParticle,BY AUTHOR,FSC 0.143 CUT-OFF,3384.0,O,2.28,EMD-12016,20201203,17.2,False
singleParticle,BY AUTHOR,FSC 0.143 CUT-OFF,238000.0,C1,1.1053,EMD-13764,20211021,2.7,True
singleParticle,BY AUTHOR,FSC 0.143 CUT-OFF,5204.0,C1,1.83,EMD-10630,20200120,26.1,False
singleParticle,BY AUTHOR,FSC 0.143 CUT-OFF,17337.0,,2.66,EMD-14008,20211216,7.6,True
tomography,BY AUTHOR,FSC 0.5 CUT-OFF,65.0,,1.4800001,EMD-7715,20180327,15.04,False
singleParticle,BY AUTHOR,OTHER,61000.0,D5,1.186,EMD-3205,20151020,6.1,True
singleParticle,BY AUTHOR,FSC 0.143 CUT-OFF,41054.0,,0.644,EMD-25762,20211219,3.1,True
singleParticle,BY AUTHOR,OTHER,16063.0,C1,2.54,EMD-6579,20160107,8.7,False
singleParticle,BY AUTHOR,FSC 0.143 CUT-OFF,20440.0,,4.6,EMD-11298,20200703,17.0,False
singleParticle,BY AUTHOR,FSC 0.5 CUT-OFF,3680.0,C2,3.52,EMD-2224,20121021,22.0,False
subtomogramAveraging,BY AUTHOR,OTHER,,,7.8,EMD-8492,20161201,50.0,False
singleParticle,BY AUTHOR,OTHER,72968.0,C1,1.2375,EMD-2711,20140714,13.1,False
singleParticle,BY AUTHOR,FSC 0.143 CUT-OFF,705543.0,,1.073,EMD-22345,20200723,2.8,True
singleParticle,BY AUTHOR,FSC 0.143 CUT-OFF,217460.0,,1.16,EMD-13033,20210603,5.9,True
singleParticle,BY AUTHOR,FSC 0.143 CUT-OFF,92382.0,C6,1.048,EMD-4706,20190315,3.33,True
singleParticle,BY AUTHOR,FSC 0.143 CUT-OFF,8343.0,C2,1.4,EMD-4164,20171120,7.5,False
singleParticle,BY AUTHOR,FSC 0.143 CUT-OFF,117938.0,C1,1.4,EMD-6810,20170810,5.0,True
singleParticle,BY AUTHOR,FSC 0.143 CUT-OFF,228086.0,C1,0.75,EMD-8662,20170408,3.5,True
singleParticle,BY AUTHOR,FSC 0.143 CUT-OFF,43232.0,C1,1.05,EMD-10473,20191110,3.92,True
singleParticle,BY AUTHOR,FSC 0.5 CUT-OFF,6798.0,C1,1.57,EMD-8309,20160804,22.0,False
singleParticle,BY AUTHOR,FSC 0.143 CUT-OFF,212979.0,,0.78,EMD-25678,20211210,3.25,True
singleParticle,BY AUTHOR,FSC 0.143 CUT-OFF,546332.0,,0.4722222,EMD-24829,20210909,2.36,True
singleParticle,BY AUTHOR,FSC 0.5 CUT-OFF,45700.0,C1,1.2375,EMD-2010,20111212,7.2,True
singleParticle,BY AUTHOR,FSC 0.143 CUT-OFF,39859.0,I,0.98,EMD-23382,20210127,2.84,True
singleParticle,BY AUTHOR,FSC 0.143 CUT-OFF,320179.0,C1,1.059,EMD-23808,20210408,2.89,True
singleParticle,BY AUTHOR,FSC 0.5 CUT-OFF,24738.0,C1,1.8,EMD-1670,20091216,13.6,False
singleParticle,BY AUTHOR,FSC 0.143 CUT-OFF,55564.0,,1.255,EMD-8377,20160930,4.4,True
singleParticle,BY AUTHOR,OTHER,742.0,,1.048,EMD-11448,20200724,20.1,False
helical,BY AUTHOR,FSC 0.143 CUT-OFF,18013.0,,0.82400006,EMD-14053,20211219,2.57,True
singleParticle,BY AUTHOR,FSC 0.143 CUT-OFF,476561.0,D2,1.05,EMD-22902,20201026,3.2,True
tomography,BY AUTHOR,FSC 0.5 CUT-OFF,61.0,,4.8,EMD-7165,20171206,98.8,False
singleParticle,BY AUTHOR,FSC 0.143 CUT-OFF,379761.0,C1,0.83,EMD-10024,20190603,2.85,False
singleParticle,BY AUTHOR,FSC 0.143 CUT-OFF,81976.0,,1.059,EMD-11456,20200724,2.9,True
singleParticle,BY AUTHOR,FSC 0.143 CUT-OFF,11000.0,C1,1.3,EMD-10153,20190729,4.2,True
singleParticle,BY AUTHOR,FSC 0.143 CUT-OFF,116936.0,C1,1.07,EMD-21852,20200421,4.43,True
singleParticle,BY AUTHOR,FSC 0.143 CUT-OFF,1016.0,,1.314,EMD-30319,20200607,3.6,True
singleParticle,BY AUTHOR,FSC 0.5 CUT-OFF,2616.0,I,5.43,EMD-1339,20070309,18.0,False
singleParticle,BY AUTHOR,FSC 0.143 CUT-OFF,14683.0,,1.34,EMD-8109,20160311,3.6,False
singleParticle,BY AUTHOR,FSC 0.143 CUT-OFF,7000.0,,1.36,EMD-0368,20181128,10.4,False
singleParticle,BY AUTHOR,FSC 0.143 CUT-OFF,29392.0,,1.02,EMD-12770,20210419,2.8,False
singleParticle,BY AUTHOR,FSC 0.143 CUT-OFF,71568.0,,1.064,EMD-32661,20220122,6.11,True
singleParticle,BY AUTHOR,FSC 0.143 CUT-OFF,67301.0,,1.014,EMD-32086,20211019,3.1,True
tomography,BY AUTHOR,FSC 0.5 CUT-OFF,21.0,,1.88,EMD-25345,20211030,25.0,False
singleParticle,BY AUTHOR,FSC 0.143 CUT-OFF,194571.0,,1.087,EMD-31337,20210521,3.8,False
singleParticle,BY AUTHOR,FSC 0.143 CUT-OFF,8727.0,C1,1.3475,EMD-25964,20220117,5.8,True
singleParticle,BY AUTHOR,FSC 0.143 CUT-OFF,111567.0,C1,0.88,EMD-30352,20200701,6.2,False
singleParticle,BY AUTHOR,FSC 0.143 CUT-OFF,98988.0,,1.054,EMD-31194,20210413,3.2,False
helical,BY AUTHOR,FSC 0.143 CUT-OFF,88715.0,,1.72,EMD-13547,20210906,4.35,True
helical,BY AUTHOR,FSC 0.143 CUT-OFF,141605.0,,1.088,EMD-21936,20200509,3.6,True
singleParticle,BY AUTHOR,FSC 0.143 CUT-OFF,21620.0,,1.542,EMD-12654,20210323,3.8,True
helical,BY AUTHOR,FSC 0.143 CUT-OFF,110105.0,,1.0,EMD-21148,20191220,3.6,True
tomography,BY AUTHOR,FSC 0.5 CUT-OFF,61.0,,2.96,EMD-7380,20180123,11.93,False
singleParticle,BY AUTHOR,FSC 0.143 CUT-OFF,188746.0,C1,0.8360001,EMD-21930,20200508,3.2,True
singleParticle,BY AUTHOR,FSC 0.33 CUT-OFF,3641.0,I,2.69,EMD-1144,20041106,11.0,True
singleParticle,BY AUTHOR,FSC 0.5 CUT-OFF,18958.0,C1,2.82,EMD-1008,20020924,10.9,True
singleParticle,BY AUTHOR,OTHER,14129.0,,1.23,EMD-6489,20151019,4.6,True
singleParticle,BY AUTHOR,FSC 0.143 CUT-OFF,289798.0,,1.51,EMD-8751,20170604,4.4,True
singleParticle,BY AUTHOR,FSC 0.143 CUT-OFF,9580.0,,1.7,EMD-0495,20190123,8.2,True
singleParticle,BY AUTHOR,FSC 0.143 CUT-OFF,32435.0,C1,1.096,EMD-21119,20191213,5.3,False
singleParticle,BY AUTHOR,FSC 0.143 CUT-OFF,6224.0,I,1.7700001,EMD-26065,20220126,15.0,False
singleParticle,BY AUTHOR,FSC 0.143 CUT-OFF,146801.0,C1,1.34,EMD-9240,20181019,3.3,True
singleParticle,BY AUTHOR,FSC 0.143 CUT-OFF,50746.0,D6,1.08,EMD-31894,20210903,3.32,True
singleParticle,BY AUTHOR,FSC 0.143 CUT-OFF,199441.0,,1.07,EMD-32641,20220120,3.8,True
subtomogramAveraging,BY AUTHOR,FSC 0.143 CUT-OFF,,C6,1.35,EMD-0291,20181015,6.6,True
singleParticle,BY AUTHOR,FSC 0.143 CUT-OFF,31832.0,,1.084,EMD-4751,20190331,3.6,True
singleParticle,BY AUTHOR,FSC 0.5 CUT-OFF,32232.0,C1,2.2,EMD-1928,20110707,15.0,False
singleParticle,BY AUTHOR,FSC 0.143 CUT-OFF,143814.0,,1.045,EMD-30785,20201209,3.3,True
singleParticle,BY AUTHOR,FSC 0.5 CUT-OFF,16253.0,,1.32,EMD-8824,20170710,9.9,False
subtomogramAveraging,BY AUTHOR,FSC 0.143 CUT-OFF,,C3,1.7800001,EMD-11665,20200824,12.8,False
singleParticle,BY AUTHOR,OTHER,5562.0,C1,2.2,EMD-5903,20140212,24.0,False
singleParticle,BY AUTHOR,FSC 0.143 CUT-OFF,56747.0,C1,0.68,EMD-11005,20200506,4.7,False
singleParticle,BY AUTHOR,FSC 0.143 CUT-OFF,134086.0,C1,1.3075,EMD-25930,20220117,3.2,True
singleParticle,BY AUTHOR,FSC 0.143 CUT-OFF,23029.0,C1,1.572,EMD-12584,20210309,4.3,True
singleParticle,BY AUTHOR,FSC 0.143 CUT-OFF,263205.0,,1.091,EMD-9782,20190119,3.2,True
singleParticle,BY AUTHOR,FSC 0.143 CUT-OFF,220681.0,C1,1.064,EMD-0480,20190119,3.54,True
singleParticle,BY AUTHOR,FSC 0.143 CUT-OFF,9315.0,I,2.6,EMD-8508,20161206,9.1,True
tomography,BY AUTHOR,FSC 0.5 CUT-OFF,61.0,,2.96,EMD-7432,20180125,13.43,False
singleParticle,BY AUTHOR,FSC 0.5 CUT-OFF,3467.0,I,1.8,EMD-2435,20130808,9.1,False
singleParticle,BY AUTHOR,FSC 0.143 CUT-OFF,265380.0,,0.849,EMD-20839,20191017,2.7,True
singleParticle,BY AUTHOR,FSC 0.143 CUT-OFF,23136.0,,1.625,EMD-31297,20210512,4.2,True
singleParticle,BY AUTHOR,FSC 0.143 CUT-OFF,42096.0,,0.837,EMD-11876,20201023,3.53,True
singleParticle,BY AUTHOR,FSC 0.143 CUT-OFF,186841.0,,0.91,EMD-22757,20200929,3.3,True
singleParticle,BY AUTHOR,OTHER,1080.0,C1,2.2,EMD-2540,20131230,18.0,False
subtomogramAveraging,BY AUTHOR,FSC 0.143 CUT-OFF,,C1,1.7005,EMD-13448,20210823,12.1,True
singleParticle,BY AUTHOR,FSC 0.143 CUT-OFF,731844.0,C6,1.29,EMD-12103,20201214,3.0,True
singleParticle,BY AUTHOR,FSC 0.143 CUT-OFF,177138.0,,1.09,EMD-31042,20210306,3.3,False
singleParticle,BY AUTHOR,FSC 0.5 CUT-OFF,1612.0,C1,1.55,EMD-2455,20130911,47.07,False
singleParticle,BY AUTHOR,FSC 0.143 CUT-OFF,105139.0,D3,1.245,EMD-32119,20211030,3.23,True
singleParticle,BY AUTHOR,OTHER,24231.0,C4,1.04,EMD-3063,20150625,4.2,True
tomography,BY AUTHOR,FSC 0.5 CUT-OFF,65.0,,1.4800001,EMD-7748,20180328,15.3,False
singleParticle,BY AUTHOR,FSC 0.143 CUT-OFF,677.0,C5,2.721,EMD-12598,20210312,22.0,False
singleParticle,BY AUTHOR,FSC 0.143 CUT-OFF,120786.0,,0.97,EMD-31633,20210807,3.08,True
helical,BY AUTHOR,FSC 0.143 CUT-OFF,133106.0,,0.85,EMD-0320,20181024,3.4,True
singleParticle,BY AUTHOR,OTHER,1341961.0,C1,1.04,EMD-5798,20131119,7.3,False
singleParticle,BY AUTHOR,FSC 0.143 CUT-OFF,65438.0,C4,1.26,EMD-9244,20181022,3.9,True
helical,BY AUTHOR,FSC 0.143 CUT-OFF,161836.0,,0.8249999,EMD-21941,20200509,3.5,True
singleParticle,BY AUTHOR,FSC 0.143 CUT-OFF,24697.0,,3.65,EMD-3642,20170320,24.4,False
singleParticle,BY AUTHOR,FSC 0.143 CUT-OFF,3499.0,I,1.0277,EMD-4990,20190520,6.0,True
singleParticle,BY AUTHOR,FSC 0.143 CUT-OFF,18231.0,,1.056,EMD-14129,20220113,3.1,False
subtomogramAveraging,BY AUTHOR,FSC 0.5 CUT-OFF,,,5.523,EMD-20166,20190426,23.0,False
helical,BY AUTHOR,OTHER,10164.0,,1.22,EMD-8150,20160419,4.0,True
singleParticle,BY AUTHOR,FSC 0.5 CUT-OFF,7085.0,I,1.78499,EMD-1121,20050408,9.0,True
singleParticle,BY AUTHOR,FSC 0.143 CUT-OFF,91117.0,C4,1.03,EMD-20594,20190813,3.05,True
singleParticle,BY AUTHOR,FSC 0.143 CUT-OFF,63659.0,,1.055,EMD-0475,20190117,4.2,False
singleParticle,BY AUTHOR,FSC 0.143 CUT-OFF,264696.0,,1.06,EMD-21583,20200326,4.2,True
singleParticle,BY AUTHOR,FSC 0.143 CUT-OFF,127302.0,,0.85,EMD-25748,20211217,3.21,True
helical,BY AUTHOR,FSC 0.143 CUT-OFF,15505.0,,1.35,EMD-11164,20200611,3.5,True
singleParticle,BY AUTHOR,FSC 0.143 CUT-OFF,195098.0,,1.34,EMD-11854,20201017,4.7,False
singleParticle,BY AUTHOR,FSC 0.143 CUT-OFF,161602.0,,1.076,EMD-31631,20210807,2.98,True
singleParticle,BY AUTHOR,FSC 0.143 CUT-OFF,4530.0,,4.6,EMD-11349,20200709,26.0,False
singleParticle,BY AUTHOR,FSC 0.143 CUT-OFF,10303.0,,1.063,EMD-3881,20170919,3.87,True
singleParticle,BY AUTHOR,FSC 0.143 CUT-OFF,41701.0,,2.06,EMD-25494,20211122,9.0,True
singleParticle,BY AUTHOR,OTHER,10853.0,C1,1.32,EMD-6616,20160229,6.6,False
singleParticle,BY AUTHOR,OTHER,14028.0,I,2.2176,EMD-3097,20150715,10.6,True
singleParticle,BY AUTHOR,FSC 0.143 CUT-OFF,62005.0,C1,1.11,EMD-20002,20190318,6.2,False
singleParticle,BY AUTHOR,FSC 0.143 CUT-OFF,69111.0,,1.056,EMD-23089,20201210,4.2,True
singleParticle,BY AUTHOR,FSC 0.143 CUT-OFF,25541.0,C1,1.065,EMD-10251,20190823,9.5,True
singleParticle,BY AUTHOR,FSC 0.5 CUT-OFF,9027.0,D6,2.19,EMD-1779,20100903,21.5,False
singleParticle,BY AUTHOR,FSC 0.5 CUT-OFF,3400.0,C1,1.35,EMD-1772,20100803,25.0,False
singleParticle,BY AUTHOR,OTHER,51016.0,C1,2.54,EMD-5788,20131110,13.0,False
subtomogramAveraging,BY AUTHOR,FSC 0.143 CUT-OFF,,C3,1.6,EMD-11123,20200604,9.1,True
singleParticle,BY AUTHOR,FSC 0.143 CUT-OFF,221744.0,,1.07,EMD-32478,20211228,3.4,True
singleParticle,BY AUTHOR,FSC 0.5 CUT-OFF,4184.0,I,1.824,EMD-5291,20110518,11.1,True
singleParticle,BY AUTHOR,OTHER,56957.0,C5,1.04,EMD-6346,20150608,3.8,True
singleParticle,BY AUTHOR,FSC 0.143 CUT-OFF,62306.0,C1,0.526,EMD-3959,20171027,3.3,False
singleParticle,BY AUTHOR,FSC 0.143 CUT-OFF,115297.0,,1.422,EMD-31577,20210725,3.9,True
electronCrystallography,BY AUTHOR,OTHER,,,2.090909,EMD-2347,20130328,9.0,True
singleParticle,BY AUTHOR,OTHER,1247.0,,1.048,EMD-11510,20200729,18.1,False
singleParticle,BY AUTHOR,FSC 0.5 CUT-OFF,4800.0,C26,4.8,EMD-6715,20170316,22.0,False
helical,BY AUTHOR,OTHER,,,2.54,EMD-6482,20151014,40.0,False
subtomogramAveraging,BY AUTHOR,OTHER,,,2.5,EMD-23440,20210205,16.0,False
subtomogramAveraging,BY AUTHOR,FSC 0.143 CUT-OFF,,C1,2.62,EMD-8803,20170630,9.9,False
helical,BY AUTHOR,FSC 0.143 CUT-OFF,46803.0,,0.828,EMD-24514,20210723,2.86,True
singleParticle,BY AUTHOR,OTHER,13083.0,C1,1.35,EMD-3055,20150619,9.8,False
singleParticle,BY AUTHOR,FSC 0.143 CUT-OFF,41441.0,,1.05,EMD-13382,20210812,5.2,True
singleParticle,BY AUTHOR,OTHER,1000.0,I,3.019,EMD-6341,20150525,35.0,False
singleParticle,BY AUTHOR,FSC 0.143 CUT-OFF,39000.0,,1.122,EMD-25365,20211102,3.71,True
singleParticle,BY AUTHOR,FSC 0.143 CUT-OFF,9614.0,I,1.07,EMD-4114,20161011,3.2,True
singleParticle,BY AUTHOR,FSC 0.5 CUT-OFF,,C2,1.92,EMD-1675,20100108,24.0,False
singleParticle,BY AUTHOR,OTHER,4903.0,C3,1.31,EMD-3059,20150621,9.32,False
singleParticle,BY AUTHOR,FSC 0.143 CUT-OFF,3167.0,,1.715,EMD-20098,20190412,7.55,False
singleParticle,BY AUTHOR,FSC 0.143 CUT-OFF,205611.0,,1.34,EMD-11317,20200706,4.1,True
singleParticle,BY AUTHOR,FSC 0.143 CUT-OFF,27232.0,C2,1.05,EMD-10467,20191110,4.32,True
singleParticle,BY AUTHOR,FSC 0.5 CUT-OFF,12814.0,I,0.97,EMD-1508,20080415,3.88,True
singleParticle,BY AUTHOR,FSC 0.143 CUT-OFF,111888.0,C1,1.079,EMD-23630,20210316,7.5,False
singleParticle,BY AUTHOR,FSC 0.143 CUT-OFF,45661.0,C1,1.03,EMD-7863,20180509,5.1,False
tomography,BY AUTHOR,FSC 0.5 CUT-OFF,53.0,,4.8,EMD-7275,20171206,73.6,False
singleParticle,BY AUTHOR,FSC 0.143 CUT-OFF,209984.0,,0.8320001,EMD-30474,20200824,2.64,True
singleParticle,BY AUTHOR,FSC 0.143 CUT-OFF,597461.0,,1.064,EMD-32651,20220121,4.06,True
singleParticle,BY AUTHOR,OTHER,72468.0,C1,1.1,EMD-2773,20140829,3.8,True
singleParticle,BY AUTHOR,FSC 0.143 CUT-OFF,23785.0,C1,2.05,EMD-21340,20200204,17.0,False
singleParticle,BY AUTHOR,FSC 0.143 CUT-OFF,33224.0,I,1.0733,EMD-0344,20181120,3.0,True
singleParticle,BY AUTHOR,FSC 0.143 CUT-OFF,182989.0,C1,1.34,EMD-0210,20180820,4.12,True
singleParticle,BY AUTHOR,FSC 0.143 CUT-OFF,379761.0,C1,0.83,EMD-10025,20190603,3.11,False
singleParticle,BY AUTHOR,FSC 0.143 CUT-OFF,15078.0,,1.055,EMD-31115,20210324,3.16,True
subtomogramAveraging,BY AUTHOR,OTHER,,C1,2.62,EMD-2826,20141124,30.0,False
singleParticle,BY AUTHOR,OTHER,,C6,1.81,EMD-1630,20090627,11.1,False
helical,BY AUTHOR,FSC 0.143 CUT-OFF,33969.0,,0.62,EMD-8300,20160722,4.6,True
singleParticle,BY AUTHOR,FSC 0.143 CUT-OFF,117350.0,,1.074,EMD-20479,20190718,4.4,True
singleParticle,BY AUTHOR,FSC 0.143 CUT-OFF,322384.0,,0.8320001,EMD-30475,20200825,2.63,True
singleParticle,BY AUTHOR,FSC 0.5 CUT-OFF,8029.0,I,2.048,EMD-5237,20101005,8.8,False
singleParticle,BY AUTHOR,FSC 0.143 CUT-OFF,24618.0,,0.95,EMD-7452,20180202,2.78,True
singleParticle,BY AUTHOR,FSC 0.5 CUT-OFF,5656.0,C1,2.8,EMD-1722,20100430,17.0,True
singleParticle,BY AUTHOR,FSC 0.5 CUT-OFF,1.0,I,2.152,EMD-5695,20130622,6.0,False
subtomogramAveraging,BY AUTHOR,FSC 0.143 CUT-OFF,,C1,1.7800001,EMD-3871,20170913,7.3,True
singleParticle,BY AUTHOR,FSC 0.143 CUT-OFF,77500.0,C1,0.97,EMD-21888,20200430,3.1,True
singleParticle,BY AUTHOR,FSC 0.143 CUT-OFF,244507.0,,1.06,EMD-24723,20210821,3.3,True
singleParticle,BY AUTHOR,FSC 0.143 CUT-OFF,49363.0,D2,1.5,EMD-22796,20201002,5.5,False
singleParticle,BY AUTHOR,FSC 0.143 CUT-OFF,55564.0,C4,1.255,EMD-8342,20160817,3.6,True
subtomogramAveraging,BY AUTHOR,FSC 0.5 CUT-OFF,,,7.68,EMD-2391,20130603,40.0,False
singleParticle,BY AUTHOR,FSC 0.143 CUT-OFF,115864.0,C5,1.04,EMD-20518,20190725,2.9,True
singleParticle,BY AUTHOR,FSC 0.143 CUT-OFF,34223.0,C1,1.07,EMD-22162,20200615,4.0,True
singleParticle,BY AUTHOR,OTHER,24619.0,C1,1.16,EMD-6105,20140928,7.2,False
singleParticle,BY AUTHOR,FSC 0.143 CUT-OFF,7000.0,D7,1.315,EMD-13309,20210803,4.0,False
singleParticle,BY AUTHOR,FSC 0.143 CUT-OFF,159340.0,,0.827,EMD-11834,20201013,2.68,True
singleParticle,BY AUTHOR,FSC 0.143 CUT-OFF,21830.0,,0.825067,EMD-24986,20210925,4.3,True
singleParticle,BY AUTHOR,FSC 0.143 CUT-OFF,44556.0,,0.86,EMD-12189,20210111,3.3,True
singleParticle,BY AUTHOR,FSC 0.143 CUT-OFF,36183.0,,0.83,EMD-14051,20211219,2.8,False
singleParticle,BY AUTHOR,FSC 0.143 CUT-OFF,15536.0,C1,0.75,EMD-8667,20170409,7.0,True
singleParticle,BY AUTHOR,FSC 0.143 CUT-OFF,264696.0,,1.06,EMD-22003,20200520,4.9,False
singleParticle,BY AUTHOR,FSC 0.143 CUT-OFF,881128.0,,0.4722222,EMD-24828,20210909,2.16,True
singleParticle,BY AUTHOR,FSC 0.5 CUT-OFF,4121.0,C2,5.1,EMD-7056,20170929,22.0,False
subtomogramAveraging,BY AUTHOR,FSC 0.143 CUT-OFF,,C1,1.7800001,EMD-3869,20170913,6.6,True
singleParticle,BY AUTHOR,FSC 0.5 CUT-OFF,2380.0,C7,2.167,EMD-1289,20061108,20.0,False
singleParticle,BY AUTHOR,FSC 0.143 CUT-OFF,95733.0,O,0.96,EMD-10205,20190808,2.73,True
singleParticle,BY AUTHOR,FSC 0.143 CUT-OFF,107417.0,,1.08,EMD-25369,20211102,2.9,True
singleParticle,BY AUTHOR,OTHER,2975.0,C1,4.84,EMD-6143,20141008,26.1,False
singleParticle,BY AUTHOR,FSC 0.143 CUT-OFF,60614.0,,1.06,EMD-24257,20210617,3.52,True
singleParticle,BY AUTHOR,FSC 0.143 CUT-OFF,23281.0,,1.05,EMD-20829,20191014,3.0,False
singleParticle,BY AUTHOR,FSC 0.143 CUT-OFF,6171.0,,1.318,EMD-9770,20190102,7.5,True
singleParticle,BY AUTHOR,FSC 0.143 CUT-OFF,39773.0,C5,1.03,EMD-20432,20190706,4.3,True
singleParticle,BY AUTHOR,OTHER,32966.0,C2,4.46,EMD-2821,20141117,21.0,False
singleParticle,BY AUTHOR,FSC 0.143 CUT-OFF,21778.0,,6.4,EMD-23169,20201221,19.0,False
singleParticle,BY AUTHOR,FSC 0.143 CUT-OFF,63910.0,,1.08,EMD-21901,20200504,3.59,True
singleParticle,BY AUTHOR,FSC 0.143 CUT-OFF,251427.0,,1.12,EMD-25570,20211128,3.11,True
singleParticle,BY AUTHOR,FSC 0.143 CUT-OFF,835641.0,C9,0.66,EMD-13307,20210802,2.1,True
singleParticle,BY AUTHOR,FSC 0.143 CUT-OFF,56767.0,C1,1.247,EMD-20850,20191020,4.5,False
singleParticle,BY AUTHOR,FSC 0.143 CUT-OFF,31890.0,C2,1.06,EMD-24717,20210820,3.5,True
subtomogramAveraging,BY AUTHOR,FSC 0.143 CUT-OFF,,C1,10.91,EMD-22878,20201020,27.0,False
subtomogramAveraging,BY AUTHOR,FSC 0.143 CUT-OFF,,C1,2.758,EMD-12223,20210118,9.5,True
singleParticle,BY AUTHOR,FSC 0.143 CUT-OFF,52386.0,C1,1.035,EMD-4165,20171120,3.87,True
singleParticle,BY AUTHOR,FSC 0.143 CUT-OFF,150168.0,,1.3295,EMD-22687,20200918,3.03,True
singleParticle,BY AUTHOR,FSC 0.143 CUT-OFF,129140.0,O,0.928,EMD-20155,20190425,2.9,False
singleParticle,BY AUTHOR,OTHER,16117.0,C1,1.24,EMD-6360,20150620,8.8,False
singleParticle,BY AUTHOR,OTHER,8418.0,C3,4.1,EMD-6531,20151120,25.0,False
singleParticle,BY AUTHOR,FSC 0.143 CUT-OFF,7259.0,C1,4.02,EMD-22945,20201104,19.3,False
singleParticle,BY AUTHOR,FSC 0.5 CUT-OFF,3214.0,C6,2.12,EMD-2865,20080825,13.6,False
singleParticle,BY AUTHOR,FSC 0.143 CUT-OFF,76726.0,C1,1.19,EMD-22777,20201001,4.4,False
singleParticle,BY AUTHOR,FSC 0.143 CUT-OFF,29902.0,C1,0.82,EMD-12985,20210521,8.2,False
singleParticle,BY AUTHOR,FSC 0.143 CUT-OFF,9607.0,,1.36,EMD-30195,20200406,4.5,True
singleParticle,BY AUTHOR,FSC 0.143 CUT-OFF,280380.0,,1.08,EMD-31635,20210807,2.96,True
singleParticle,BY AUTHOR,OTHER,5080.0,C1,1.5,EMD-23771,20210405,20.0,False
singleParticle,BY AUTHOR,FSC 0.143 CUT-OFF,60497.0,,0.832,EMD-12195,20210114,3.8,True
singleParticle,BY AUTHOR,FSC 0.143 CUT-OFF,369254.0,,1.06,EMD-13537,20210902,3.2,True
singleParticle,BY AUTHOR,FSC 0.143 CUT-OFF,71116.0,,1.08,EMD-30453,20200814,3.75,True
singleParticle,BY AUTHOR,FSC 0.143 CUT-OFF,255.0,I,7.42,EMD-12020,20201203,47.9,False
singleParticle,BY AUTHOR,FSC 0.143 CUT-OFF,23802.0,,1.06,EMD-10978,20200430,3.1,True
singleParticle,BY AUTHOR,FSC 0.143 CUT-OFF,73485.0,,0.83,EMD-0284,20181010,4.5,False
singleParticle,BY AUTHOR,FSC 0.143 CUT-OFF,92997.0,,1.50242,EMD-13816,20211101,3.4,False
singleParticle,BY AUTHOR,FSC 0.143 CUT-OFF,212219.0,C1,1.36,EMD-7109,20171107,3.3,True
singleParticle,BY AUTHOR,FSC 0.143 CUT-OFF,11402.0,D2,1.072,EMD-20907,20191102,2.6,False
singleParticle,BY AUTHOR,FSC 0.143 CUT-OFF,32504.0,,1.064,EMD-25821,20211230,3.11,True
singleParticle,BY AUTHOR,FSC 0.143 CUT-OFF,122493.0,C1,2.78,EMD-11170,20200612,9.8,False
singleParticle,BY AUTHOR,FSC 0.143 CUT-OFF,121881.0,,1.36,EMD-32106,20211025,3.3,False
singleParticle,BY AUTHOR,FSC 0.143 CUT-OFF,1593.0,C5,2.76,EMD-22609,20200904,13.0,False
singleParticle,BY AUTHOR,OTHER,17282.0,C1,1.35,EMD-3376,20160309,3.97,False
subtomogramAveraging,BY AUTHOR,FSC 0.33 CUT-OFF,,C1,7.026,EMD-11385,20200714,16.0,False
singleParticle,BY AUTHOR,OTHER,2970.0,I,2.75,EMD-5829,20131202,8.3,False
singleParticle,BY AUTHOR,FSC 0.143 CUT-OFF,157762.0,C2,0.855,EMD-24182,20210605,3.4,True
electronCrystallography,BY AUTHOR,DIFFRACTION PATTERN/LAYERLINES,,,0.281,EMD-7287,20171207,0.85,False
helical,BY AUTHOR,FSC 0.143 CUT-OFF,5437.0,,1.42,EMD-9901,20190506,15.0,False
singleParticle,BY AUTHOR,FSC 0.143 CUT-OFF,408553.0,,0.833,EMD-24316,20210626,3.2,True
singleParticle,BY AUTHOR,FSC 0.143 CUT-OFF,79355.0,C1,1.05,EMD-3696,20170426,5.8,True
singleParticle,BY AUTHOR,FSC 0.143 CUT-OFF,123896.0,C1,1.34564,EMD-25525,20211124,4.4,False
singleParticle,BY AUTHOR,OTHER,24979.0,C1,4.5,EMD-2990,20150429,26.0,False
singleParticle,BY AUTHOR,FSC 0.143 CUT-OFF,124112.0,C1,1.3,EMD-8773,20170616,3.7,False
helical,BY AUTHOR,FSC 0.5 CUT-OFF,,,3.5,EMD-1613,20090415,29.0,False
singleParticle,BY AUTHOR,FSC 0.143 CUT-OFF,31022.0,C1,1.096,EMD-21117,20191213,9.3,False
singleParticle,BY AUTHOR,FSC 0.143 CUT-OFF,80853.0,,2.32,EMD-13030,20210603,10.4,False
singleParticle,BY AUTHOR,FSC 0.5 CUT-OFF,10431.0,C1,3.31,EMD-2170,20120809,19.0,False
singleParticle,BY AUTHOR,FSC 0.143 CUT-OFF,43184.0,C1,1.45,EMD-8364,20160901,8.3,False
helical,BY AUTHOR,FSC 0.143 CUT-OFF,72333.0,,1.07,EMD-8728,20170510,4.1,True
helical,BY AUTHOR,FSC 0.143 CUT-OFF,17069.0,,1.32,EMD-8321,20160810,3.5,True
singleParticle,BY AUTHOR,FSC 0.143 CUT-OFF,53728.0,C3,0.869,EMD-24504,20210722,3.45,True
singleParticle,BY AUTHOR,FSC 0.143 CUT-OFF,14451.0,,1.061,EMD-11248,20200630,3.4,True
singleParticle,BY AUTHOR,FSC 0.143 CUT-OFF,116485.0,,1.091,EMD-6992,20180630,3.2,False
singleParticle,BY AUTHOR,FSC 0.143 CUT-OFF,3700.0,,2.05,EMD-20975,20191118,24.7,False
helical,BY AUTHOR,FSC 0.143 CUT-OFF,40664.0,,0.8299999,EMD-46870,20240904,3.1,False
singleParticle,BY AUTHOR,FSC 0.143 CUT-OFF,69316.0,,1.069,EMD-27929,20220823,6.41,False
singleParticle,BY AUTHOR,FSC 0.143 CUT-OFF,341000.0,,1.332538,EMD-63482,20250218,3.3,True
singleParticle,BY AUTHOR,FSC 0.143 CUT-OFF,246232.0,C2,0.8521,EMD-41783,20230829,4.0,False
singleParticle,BY AUTHOR,FSC 0.143 CUT-OFF,578868.0,,1.284,EMD-33935,20220729,3.3,True
singleParticle,BY AUTHOR,FSC 0.143 CUT-OFF,20863.0,,1.3633,EMD-48870,20250202,4.15,False
singleParticle,BY AUTHOR,FSC 0.143 CUT-OFF,588492.0,,0.4605,EMD-19183,20231218,1.42,True
singleParticle,BY AUTHOR,FSC 0.143 CUT-OFF,245000.0,,1.2427,EMD-18819,20231102,3.3,False
subtomogramAveraging,BY AUTHOR,FSC 0.143 CUT-OFF,,C15,1.52,EMD-29696,20230207,19.0,False
singleParticle,BY AUTHOR,FSC 0.143 CUT-OFF,45862.0,C1,0.825,EMD-43899,20240302,3.4,False
singleParticle,BY AUTHOR,FSC 0.143 CUT-OFF,438836.0,,0.67,EMD-42680,20231108,2.65,True
singleParticle,BY AUTHOR,FSC 0.143 CUT-OFF,2300000.0,,1.069,EMD-42471,20231023,3.6,False
singleParticle,BY AUTHOR,FSC 0.143 CUT-OFF,655558.0,,0.811,EMD-45249,20240607,2.94,True
singleParticle,BY AUTHOR,FSC 0.143 CUT-OFF,123232.0,,0.85,EMD-34729,20221113,2.71,True
singleParticle,BY AUTHOR,FSC 0.143 CUT-OFF,273352.0,,0.9142,EMD-18992,20231127,3.12,True
singleParticle,BY AUTHOR,FSC 0.143 CUT-OFF,492117.0,,1.08,EMD-26155,20220207,3.3,True
singleParticle,BY AUTHOR,FSC 0.143 CUT-OFF,15189.0,,1.0,EMD-29250,20221221,4.2,True
singleParticle,BY AUTHOR,FSC 0.143 CUT-OFF,18232.0,,0.83,EMD-42461,20231023,3.96,True
singleParticle,BY AUTHOR,FSC 0.143 CUT-OFF,499389.0,,0.85,EMD-15362,20220708,3.0,True
singleParticle,BY AUTHOR,FSC 0.5 CUT-OFF,2937.0,,2.06,EMD-43178,20231220,25.0,False
singleParticle,BY AUTHOR,FSC 0.143 CUT-OFF,575732.0,,0.83,EMD-42700,20231109,3.11,False
singleParticle,BY AUTHOR,FSC 0.143 CUT-OFF,169849.0,,0.828,EMD-47335,20241017,2.93,False
singleParticle,BY AUTHOR,FSC 0.143 CUT-OFF,2092947.0,,0.833,EMD-44319,20240327,2.98,True
singleParticle,BY AUTHOR,FSC 0.143 CUT-OFF,675874.0,C1,1.06,EMD-19115,20231212,4.3,True
singleParticle,BY AUTHOR,FSC 0.143 CUT-OFF,58694.0,C8,1.33,EMD-40059,20230313,3.65,True
singleParticle,BY AUTHOR,FSC 0.143 CUT-OFF,271242.0,,0.83100003,EMD-27384,20220619,2.9,True
singleParticle,BY AUTHOR,FSC 0.143 CUT-OFF,117768.0,,1.04,EMD-38990,20240202,3.4,True
singleParticle,BY AUTHOR,FSC 0.143 CUT-OFF,63241.0,,1.308,EMD-48825,20250127,7.57,False
singleParticle,BY AUTHOR,FSC 0.143 CUT-OFF,333562.0,,0.85,EMD-61228,20240821,3.0,True
singleParticle,BY AUTHOR,FSC 0.143 CUT-OFF,36557.0,,0.93,EMD-47520,20241025,4.3,True
singleParticle,BY AUTHOR,FSC 0.143 CUT-OFF,317317.0,C1,1.06,EMD-19089,20231211,2.8,False
singleParticle,BY AUTHOR,FSC 0.143 CUT-OFF,40100.0,C1,1.067,EMD-19043,20231205,3.9,False
singleParticle,BY AUTHOR,FSC 0.143 CUT-OFF,14721.0,,1.12,EMD-44519,20240419,4.2,True
singleParticle,BY AUTHOR,FSC 0.143 CUT-OFF,271101.0,,1.294,EMD-53371,20250410,3.39,True
singleParticle,BY AUTHOR,FSC 0.143 CUT-OFF,23410.0,,1.632,EMD-35976,20230420,3.9,False
singleParticle,BY AUTHOR,FSC 0.143 CUT-OFF,139418.0,C1,1.005,EMD-34221,20220905,2.86,True
subtomogramAveraging,BY AUTHOR,FSC 0.5 CUT-OFF,,,8.34,EMD-15741,20220905,44.1,False
singleParticle,BY AUTHOR,FSC 0.143 CUT-OFF,103940.0,,1.064,EMD-42488,20231025,3.4,True
singleParticle,BY AUTHOR,FSC 0.143 CUT-OFF,149906.0,,1.4319999,EMD-26237,20220217,3.9,False
singleParticle,BY AUTHOR,FSC 0.143 CUT-OFF,142416.0,,0.821,EMD-39719,20240410,3.4,False
helical,BY AUTHOR,FSC 0.143 CUT-OFF,280426.0,,1.0979,EMD-38685,20240114,3.6,True
singleParticle,BY AUTHOR,FSC 0.143 CUT-OFF,105000.0,,0.5191,EMD-33189,20220407,3.5,True
singleParticle,BY AUTHOR,FSC 0.143 CUT-OFF,6999.0,,1.59,EMD-19059,20231207,5.32,True
singleParticle,BY AUTHOR,FSC 0.143 CUT-OFF,1395666.0,,1.0635,EMD-17336,20230510,2.58,True
singleParticle,BY AUTHOR,FSC 0.143 CUT-OFF,2706.0,C3,0.808,EMD-39188,20240221,3.4,True
singleParticle,BY AUTHOR,FSC 0.143 CUT-OFF,97548.0,,1.22,EMD-15079,20220601,3.3,False
singleParticle,BY AUTHOR,FSC 0.143 CUT-OFF,26681.0,,1.76,EMD-49230,20250213,13.0,True
singleParticle,BY AUTHOR,FSC 0.143 CUT-OFF,14020.0,C5,1.36,EMD-41201,20230707,4.26,True
singleParticle,BY AUTHOR,FSC 0.143 CUT-OFF,12173.0,,0.83,EMD-15568,20220809,4.3,True
singleParticle,BY AUTHOR,FSC 0.143 CUT-OFF,583803.0,,0.85,EMD-38617,20240109,2.5,True
singleParticle,BY AUTHOR,FSC 0.143 CUT-OFF,34102.0,,1.4,EMD-37449,20230913,7.9,False
singleParticle,BY AUTHOR,FSC 0.143 CUT-OFF,14362.0,C6,1.387,EMD-45491,20240626,3.37,False
singleParticle,BY AUTHOR,FSC 0.143 CUT-OFF,1593.0,,2.06,EMD-43664,20240208,28.52,False
singleParticle,BY AUTHOR,FSC 0.143 CUT-OFF,168457.0,,1.059,EMD-15188,20220615,3.5,False
singleParticle,BY AUTHOR,FSC 0.143 CUT-OFF,451712.0,,1.045,EMD-28135,20220913,3.36,True
singleParticle,BY AUTHOR,FSC 0.143 CUT-OFF,105668.0,,1.08,EMD-18576,20231003,2.85,False
singleParticle,BY AUTHOR,FSC 0.143 CUT-OFF,30272.0,,1.056,EMD-40691,20230504,7.9,False
singleParticle,BY AUTHOR,FSC 0.143 CUT-OFF,17000.0,O,0.83000004,EMD-36807,20230711,2.2,False
singleParticle,BY AUTHOR,FSC 0.143 CUT-OFF,145945.0,,1.638,EMD-50314,20240515,6.52,True
singleParticle,BY AUTHOR,FSC 0.143 CUT-OFF,161531.0,,0.968,EMD-17130,20230417,3.2,True
singleParticle,BY AUTHOR,FSC 0.143 CUT-OFF,111480.0,,1.32,EMD-61609,20240920,3.1,True
singleParticle,BY AUTHOR,FSC 0.143 CUT-OFF,563788.0,,0.729,EMD-52975,20250228,2.95,True
singleParticle,BY AUTHOR,FSC 0.143 CUT-OFF,34292.0,,1.37,EMD-35375,20230215,3.3,True
singleParticle,BY AUTHOR,FSC 0.143 CUT-OFF,18696.0,C7,1.065,EMD-50541,20240605,3.7,True
singleParticle,BY AUTHOR,FSC 0.143 CUT-OFF,380727.0,,1.04,EMD-32785,20220204,3.8,True
singleParticle,BY AUTHOR,FSC 0.143 CUT-OFF,514855.0,,0.762,EMD-16530,20230124,1.86,True
singleParticle,BY AUTHOR,FSC 0.143 CUT-OFF,416503.0,,1.07,EMD-38693,20240114,3.8,True
subtomogramAveraging,BY AUTHOR,FSC 0.143 CUT-OFF,,C1,1.188,EMD-16747,20230221,4.4,False
singleParticle,BY AUTHOR,FSC 0.143 CUT-OFF,268232.0,C1,0.87999994,EMD-40973,20230602,3.3,True
singleParticle,BY AUTHOR,FSC 0.143 CUT-OFF,171224.0,,1.045,EMD-50961,20240710,2.89,False
subtomogramAveraging,BY AUTHOR,FSC 0.143 CUT-OFF,,,2.64,EMD-60633,20240623,7.7,True
singleParticle,BY AUTHOR,FSC 0.143 CUT-OFF,87624.0,,0.985,EMD-33714,20220628,3.16,True
singleParticle,BY AUTHOR,FSC 0.143 CUT-OFF,632007.0,,0.83,EMD-36116,20230505,2.71,True
singleParticle,BY AUTHOR,FSC 0.143 CUT-OFF,29720.0,,1.08,EMD-43452,20240118,4.0,False
singleParticle,BY AUTHOR,FSC 0.143 CUT-OFF,119152.0,,0.92,EMD-61120,20240808,2.72,True
singleParticle,BY AUTHOR,FSC 0.143 CUT-OFF,400624.0,,0.8600001,EMD-14875,20220503,3.4,True
subtomogramAveraging,BY AUTHOR,FSC 0.143 CUT-OFF,,C1,4.4,EMD-18806,20231101,26.8,True
singleParticle,BY AUTHOR,FSC 0.143 CUT-OFF,94894.0,,0.82,EMD-32867,20220213,3.5,True
singleParticle,BY AUTHOR,FSC 0.143 CUT-OFF,6041.0,,1.393,EMD-41104,20230623,6.7,False
singleParticle,BY AUTHOR,FSC 0.143 CUT-OFF,35628.0,,1.1,EMD-34893,20221203,8.5,False
singleParticle,BY AUTHOR,FSC 0.143 CUT-OFF,351193.0,,0.89,EMD-41983,20230915,2.57,True
singleParticle,BY AUTHOR,FSC 0.143 CUT-OFF,355778.0,C1,1.36,EMD-41204,20230707,3.02,True
singleParticle,BY AUTHOR,FSC 0.143 CUT-OFF,264677.0,,1.059,EMD-17836,20230712,4.9,False
singleParticle,BY AUTHOR,FSC 0.143 CUT-OFF,239033.0,,1.045,EMD-17879,20230715,2.91,True
singleParticle,BY AUTHOR,FSC 0.143 CUT-OFF,22815.0,I,0.97,EMD-50414,20240524,2.64,True
subtomogramAveraging,BY AUTHOR,FSC 0.143 CUT-OFF,,C1,1.76,EMD-35230,20230202,6.5,True
singleParticle,BY AUTHOR,FSC 0.143 CUT-OFF,227749.0,,0.824,EMD-33337,20220501,3.13,True
singleParticle,BY AUTHOR,FSC 0.143 CUT-OFF,152048.0,C1,1.06,EMD-15035,20220525,2.43,True
helical,BY AUTHOR,FSC 0.143 CUT-OFF,44535.0,,0.831,EMD-15772,20220906,3.1,True
singleParticle,BY AUTHOR,FSC 0.143 CUT-OFF,8300.0,,1.0,EMD-47415,20241021,3.3,True
singleParticle,BY AUTHOR,FSC 0.5 CUT-OFF,5413.0,,1.667,EMD-43699,20240212,24.0,False
singleParticle,BY AUTHOR,OTHER,90459.0,,0.828,EMD-14430,20220223,3.4,True
singleParticle,BY AUTHOR,FSC 0.143 CUT-OFF,5676.0,C3,1.08,EMD-41751,20230826,3.45,False
singleParticle,BY AUTHOR,FSC 0.143 CUT-OFF,48184.0,C1,1.068,EMD-41390,20230729,3.3,True
singleParticle,BY AUTHOR,FSC 0.143 CUT-OFF,552087.0,,1.087,EMD-39388,20240306,2.9,True
singleParticle,BY AUTHOR,FSC 0.143 CUT-OFF,614463.0,C1,1.072,EMD-14850,20220426,2.2,True
singleParticle,BY AUTHOR,FSC 0.143 CUT-OFF,864874.0,,0.5291,EMD-40719,20230505,3.12,True
singleParticle,BY AUTHOR,FSC 0.143 CUT-OFF,201731.0,,0.837,EMD-60909,20240723,3.3,True
singleParticle,BY AUTHOR,FSC 0.143 CUT-OFF,242907.0,,1.32,EMD-35588,20230308,3.1,False
singleParticle,BY AUTHOR,FSC 0.143 CUT-OFF,87176.0,C4,1.1,EMD-44255,20240325,3.3,True
helical,BY AUTHOR,FSC 0.143 CUT-OFF,509356.0,,1.36,EMD-19866,20240315,3.0,True
singleParticle,BY AUTHOR,FSC 0.143 CUT-OFF,1493596.0,C1,1.08,EMD-27981,20220829,2.59,True
singleParticle,BY AUTHOR,FSC 0.143 CUT-OFF,98875.0,,1.3299999,EMD-41696,20230823,3.4,False
singleParticle,BY AUTHOR,FSC 0.143 CUT-OFF,5474.0,,1.07,EMD-17569,20230605,4.4,False
singleParticle,BY AUTHOR,FSC 0.143 CUT-OFF,61607.0,C1,1.072,EMD-29141,20221215,3.31,False
singleParticle,BY AUTHOR,FSC 0.143 CUT-OFF,74198.0,C1,1.064,EMD-43626,20240205,4.47,False
subtomogramAveraging,BY AUTHOR,FSC 0.143 CUT-OFF,,C3,2.2,EMD-29395,20230106,6.9,False
singleParticle,BY AUTHOR,FSC 0.143 CUT-OFF,148312.0,,0.725,EMD-47995,20241121,2.62,True
singleParticle,BY AUTHOR,FSC 0.143 CUT-OFF,521193.0,,1.3904,EMD-26728,20220423,6.8,False
singleParticle,BY AUTHOR,FSC 0.143 CUT-OFF,590067.0,,0.85,EMD-61387,20240831,2.64,True
singleParticle,BY AUTHOR,FSC 0.143 CUT-OFF,1341400.0,D4,1.32375,EMD-43084,20231210,3.7,False
subtomogramAveraging,BY AUTHOR,FSC 0.143 CUT-OFF,,C1,2.72,EMD-62341,20241110,21.1,False
singleParticle,BY AUTHOR,FSC 0.143 CUT-OFF,32982.0,,1.22,EMD-15083,20220601,3.4,False
singleParticle,BY AUTHOR,FSC 0.143 CUT-OFF,292625.0,,0.86,EMD-46913,20240905,2.85,False
singleParticle,BY AUTHOR,FSC 0.143 CUT-OFF,131356.0,,1.11,EMD-14385,20220218,2.87,True
singleParticle,BY AUTHOR,FSC 0.143 CUT-OFF,11438.0,,2.49,EMD-40793,20230516,18.0,False
singleParticle,BY AUTHOR,FSC 0.143 CUT-OFF,236096.0,,1.291,EMD-38218,20231206,2.83,True
singleParticle,BY AUTHOR,FSC 0.143 CUT-OFF,66591.0,C1,1.1,EMD-70688,20250518,4.0,False
singleParticle,BY AUTHOR,FSC 0.143 CUT-OFF,14330.0,C6,2.12,EMD-17412,20230522,7.2,False
subtomogramAveraging,BY AUTHOR,FSC 0.143 CUT-OFF,,C1,6.84,EMD-15255,20220624,34.0,False
singleParticle,BY AUTHOR,FSC 0.143 CUT-OFF,139861.0,,0.862,EMD-18605,20231006,2.9,True
singleParticle,BY AUTHOR,FSC 0.143 CUT-OFF,65733.0,,0.9945,EMD-28065,20220907,2.53,True
singleParticle,BY AUTHOR,FSC 0.143 CUT-OFF,346324.0,,1.1796875,EMD-50242,20240502,2.98,True
singleParticle,BY AUTHOR,FSC 0.143 CUT-OFF,88851.0,,1.07,EMD-38399,20231221,2.63,True
singleParticle,BY AUTHOR,FSC 0.143 CUT-OFF,76433.0,,0.85,EMD-28573,20221013,3.4,True
singleParticle,BY AUTHOR,FSC 0.143 CUT-OFF,200000.0,,0.856,EMD-38758,20240118,2.75,True
subtomogramAveraging,BY AUTHOR,FSC 0.143 CUT-OFF,,C8,10.6,EMD-26672,20220415,50.0,False
singleParticle,BY AUTHOR,FSC 0.143 CUT-OFF,87727.0,,1.0371,EMD-15590,20220813,3.22,True
helical,BY AUTHOR,FSC 0.143 CUT-OFF,31115.0,,0.834,EMD-45464,20240624,3.2,True
singleParticle,BY AUTHOR,FSC 3 SIGMA CUT-OFF,100204.0,,0.803,EMD-18158,20230808,2.4,False
singleParticle,BY AUTHOR,FSC 0.143 CUT-OFF,148135.0,C1,0.97,EMD-14466,20220227,3.58,True
singleParticle,BY AUTHOR,FSC 0.143 CUT-OFF,185042.0,C1,0.921,EMD-19894,20240320,3.68,True
singleParticle,BY AUTHOR,FSC 0.143 CUT-OFF,20439.0,,1.06,EMD-50130,20240418,3.21,False
singleParticle,BY AUTHOR,FSC 0.143 CUT-OFF,43577.0,,1.07325,EMD-26740,20220425,6.58,False
singleParticle,BY AUTHOR,FSC 0.143 CUT-OFF,161388.0,,0.9142,EMD-19606,20240212,3.06,True
singleParticle,BY AUTHOR,FSC 0.143 CUT-OFF,151975.0,,1.05,EMD-19719,20240222,2.9,True
singleParticle,BY AUTHOR,FSC 0.143 CUT-OFF,143490.0,,0.921,EMD-19653,20240216,3.0,True
singleParticle,BY AUTHOR,FSC 0.143 CUT-OFF,218741.0,,1.053,EMD-29475,20230118,3.6,False
singleParticle,BY AUTHOR,FSC 0.143 CUT-OFF,7000.0,,1.0,EMD-47427,20241021,4.2,False
singleParticle,BY AUTHOR,FSC 0.143 CUT-OFF,38206.0,,1.2487,EMD-35114,20230112,4.33,True
singleParticle,BY AUTHOR,FSC 0.143 CUT-OFF,122065.0,C1,1.1,EMD-47629,20241031,4.5,False
singleParticle,BY AUTHOR,FSC 0.143 CUT-OFF,72106.0,C4,1.16,EMD-26319,20220224,3.25,True
singleParticle,BY AUTHOR,FSC 0.5 CUT-OFF,5100.0,,1.77,EMD-46839,20240902,20.0,False
singleParticle,BY AUTHOR,FSC 0.143 CUT-OFF,387608.0,,0.82,EMD-36977,20230731,2.73,True
singleParticle,BY AUTHOR,FSC 0.143 CUT-OFF,33610.0,C19,1.81,EMD-19903,20240320,7.6,False
singleParticle,BY AUTHOR,FSC 0.143 CUT-OFF,96308.0,,1.08,EMD-43033,20231205,2.4,True
singleParticle,BY AUTHOR,FSC 0.143 CUT-OFF,216188.0,,0.874,EMD-41766,20230827,3.2,True
subtomogramAveraging,BY AUTHOR,FSC 0.143 CUT-OFF,,C6,1.3400002,EMD-51826,20241017,3.82,False
singleParticle,BY AUTHOR,FSC 0.143 CUT-OFF,92463.0,C1,0.86,EMD-27231,20220607,3.9,True
singleParticle,BY AUTHOR,FSC 0.143 CUT-OFF,355649.0,C1,1.03,EMD-28690,20221027,2.7,True
singleParticle,BY AUTHOR,FSC 0.143 CUT-OFF,162395.0,,1.08,EMD-36209,20230517,7.73,True
singleParticle,BY AUTHOR,FSC 0.143 CUT-OFF,194038.0,C1,1.079,EMD-43711,20240213,3.26,True
singleParticle,BY AUTHOR,FSC 0.143 CUT-OFF,80674.0,,1.0144,EMD-15591,20220813,2.96,True
singleParticle,BY AUTHOR,FSC 0.143 CUT-OFF,108991.0,,1.21,EMD-14840,20220422,3.4,False
singleParticle,BY AUTHOR,FSC 0.143 CUT-OFF,11605.0,,1.07,EMD-32988,20220301,3.3,False
singleParticle,BY AUTHOR,FSC 0.5 CUT-OFF,1735.0,C1,1.9800001,EMD-42907,20231122,32.0,False
singleParticle,BY AUTHOR,FSC 0.143 CUT-OFF,52654.0,,0.85,EMD-62198,20241027,2.96,True
singleParticle,BY AUTHOR,FSC 0.143 CUT-OFF,24107.0,,1.34,EMD-19805,20240306,4.0,True
singleParticle,BY AUTHOR,FSC 0.143 CUT-OFF,268436.0,,0.85,EMD-37842,20231019,2.7,True
singleParticle,BY AUTHOR,FSC 0.143 CUT-OFF,454545.0,,1.09,EMD-17421,20230523,3.04,True
singleParticle,BY AUTHOR,FSC 0.143 CUT-OFF,102956.0,,1.087,EMD-37130,20230809,2.7,True
singleParticle,BY AUTHOR,FSC 0.143 CUT-OFF,65000.0,,1.06,EMD-29846,20230217,3.9,True
singleParticle,BY AUTHOR,FSC 0.143 CUT-OFF,74279.0,,0.821,EMD-36987,20230801,4.2,True
singleParticle,BY AUTHOR,FSC 0.143 CUT-OFF,19234.0,C1,0.83,EMD-34364,20220921,3.0,True
subtomogramAveraging,BY AUTHOR,FSC 0.143 CUT-OFF,,C1,4.36,EMD-16980,20230331,15.0,False
singleParticle,BY AUTHOR,FSC 0.143 CUT-OFF,394879.0,,0.73,EMD-39375,20240305,2.69,True
singleParticle,BY AUTHOR,FSC 0.143 CUT-OFF,253508.0,D2,1.0,EMD-43202,20231227,2.5,True
singleParticle,BY AUTHOR,FSC 0.143 CUT-OFF,51717.0,,0.84,EMD-51580,20240918,2.9,False
singleParticle,BY AUTHOR,FSC 0.143 CUT-OFF,122806.0,,1.1,EMD-41456,20230803,3.1,True
singleParticle,BY AUTHOR,FSC 0.143 CUT-OFF,471301.0,,1.07,EMD-27175,20220601,2.62,True
singleParticle,BY AUTHOR,FSC 0.143 CUT-OFF,73836.0,,1.0773,EMD-38901,20240129,3.39,False
singleParticle,BY AUTHOR,FSC 0.143 CUT-OFF,516895.0,,0.856,EMD-43544,20240130,3.81,True
subtomogramAveraging,BY AUTHOR,FSC 0.143 CUT-OFF,,,4.24,EMD-40899,20230526,9.1,False
singleParticle,BY AUTHOR,FSC 0.143 CUT-OFF,690345.0,C1,1.07,EMD-33542,20220605,3.56,True
singleParticle,BY AUTHOR,FSC 0.143 CUT-OFF,41759.0,,0.9182,EMD-16912,20230324,2.46,True
singleParticle,BY AUTHOR,FSC 0.143 CUT-OFF,46258.0,,1.06,EMD-26904,20220509,3.4,False
singleParticle,BY AUTHOR,FSC 0.143 CUT-OFF,144479.0,,1.4319999,EMD-26238,20220217,3.8,False
singleParticle,BY AUTHOR,FSC 0.143 CUT-OFF,113011.0,,0.83,EMD-44136,20240319,3.54,True
singleParticle,BY AUTHOR,FSC 0.143 CUT-OFF,170004.0,,1.06,EMD-14836,20220422,2.29,False
singleParticle,BY AUTHOR,FSC 0.143 CUT-OFF,251564.0,,1.16,EMD-18225,20230816,3.1,True
subtomogramAveraging,BY AUTHOR,FSC 0.143 CUT-OFF,,C1,9.422,EMD-50575,20240607,30.0,False
singleParticle,BY AUTHOR,FSC 0.143 CUT-OFF,209932.0,,0.83,EMD-28253,20220928,2.9,False
singleParticle,BY AUTHOR,FSC 0.143 CUT-OFF,177459.0,,0.88533294,EMD-44937,20240520,3.4,True
subtomogramAveraging,BY AUTHOR,FSC 0.143 CUT-OFF,,C1,4.34,EMD-19216,20231221,22.0,False
singleParticle,BY AUTHOR,FSC 0.143 CUT-OFF,146539.0,C4,0.73,EMD-18595,20231005,6.0,True
subtomogramAveraging,BY AUTHOR,FSC 0.143 CUT-OFF,,C1,2.65,EMD-48296,20241213,7.57,False
singleParticle,BY AUTHOR,FSC 0.143 CUT-OFF,478000.0,,0.828,EMD-44368,20240401,3.1,True
singleParticle,BY AUTHOR,FSC 0.143 CUT-OFF,277091.0,T,0.9825,EMD-43157,20231218,2.7,True
singleParticle,BY AUTHOR,FSC 0.143 CUT-OFF,433940.0,,0.854,EMD-38029,20231113,3.34,False
singleParticle,BY AUTHOR,FSC 0.143 CUT-OFF,15150.0,,1.068,EMD-42321,20231011,3.54,True
singleParticle,BY AUTHOR,FSC 0.143 CUT-OFF,2848.0,,1.15,EMD-44801,20240510,7.87,False
singleParticle,BY AUTHOR,FSC 0.143 CUT-OFF,27420.0,,1.04,EMD-37209,20230816,3.3,True
singleParticle,BY AUTHOR,FSC 0.143 CUT-OFF,137886.0,,1.055,EMD-61852,20241010,3.47,True
singleParticle,BY AUTHOR,FSC 0.143 CUT-OFF,117000.0,,1.1,EMD-37262,20230823,4.45,False
helical,BY AUTHOR,FSC 0.143 CUT-OFF,882189.0,,0.75,EMD-18852,20231107,3.1,True
singleParticle,BY AUTHOR,FSC 0.143 CUT-OFF,97904.0,,1.4014001,EMD-41580,20230809,3.7,True
singleParticle,BY AUTHOR,FSC 0.143 CUT-OFF,391535.0,,1.11,EMD-49209,20250213,3.1,False
singleParticle,BY AUTHOR,FSC 0.143 CUT-OFF,39789.0,,1.05,EMD-35220,20230201,3.4,False
singleParticle,BY AUTHOR,FSC 0.143 CUT-OFF,43491.0,,3.331,EMD-28171,20220915,18.0,False
singleParticle,BY AUTHOR,FSC 0.143 CUT-OFF,396292.0,,1.9663,EMD-33872,20220720,6.31,True
singleParticle,BY AUTHOR,FSC 0.143 CUT-OFF,11024.0,,0.97,EMD-36058,20230428,12.41,False
singleParticle,BY AUTHOR,FSC 0.143 CUT-OFF,892346.0,,0.932,EMD-60133,20240514,2.64,True
singleParticle,BY AUTHOR,FSC 0.143 CUT-OFF,382844.0,D2,0.935,EMD-41754,20230826,2.7,True
singleParticle,BY AUTHOR,FSC 0.143 CUT-OFF,32933.0,,1.05,EMD-51081,20240716,6.0,False
subtomogramAveraging,BY AUTHOR,FSC 0.143 CUT-OFF,,C1,1.188,EMD-16741,20230220,4.4,False
singleParticle,BY AUTHOR,FSC 0.143 CUT-OFF,846349.0,C1,0.825,EMD-14712,20220404,2.6,True
singleParticle,BY AUTHOR,FSC 0.143 CUT-OFF,308249.0,,0.829,EMD-36989,20230801,2.98,True
helical,BY AUTHOR,FSC 0.143 CUT-OFF,19250.0,,0.83,EMD-60132,20240514,3.54,True
singleParticle,BY AUTHOR,FSC 0.143 CUT-OFF,5804.0,,1.06,EMD-18792,20231031,2.6,True
singleParticle,BY AUTHOR,FSC 0.143 CUT-OFF,166169.0,,1.03,EMD-29655,20230131,2.6,True
singleParticle,BY AUTHOR,FSC 0.143 CUT-OFF,466102.0,,1.09,EMD-40667,20230429,3.1,False
singleParticle,BY AUTHOR,FSC 0.143 CUT-OFF,33472.0,I,1.31,EMD-28028,20220902,3.9,False
singleParticle,BY AUTHOR,FSC 0.143 CUT-OFF,5866.0,,0.88,EMD-34771,20221116,3.6,False
singleParticle,BY AUTHOR,FSC 0.143 CUT-OFF,271263.0,,0.891,EMD-44348,20240330,2.96,True
singleParticle,BY AUTHOR,FSC 0.143 CUT-OFF,58444.0,C6,1.08,EMD-18551,20231002,3.35,False
singleParticle,BY AUTHOR,FSC 0.143 CUT-OFF,24648.0,,1.35,EMD-35456,20230223,9.84,False
singleParticle,BY AUTHOR,FSC 0.143 CUT-OFF,213596.0,,0.84,EMD-15353,20220706,3.6,True
subtomogramAveraging,BY AUTHOR,FSC 0.143 CUT-OFF,,C1,4.34,EMD-19242,20231221,20.0,False
singleParticle,BY AUTHOR,FSC 0.143 CUT-OFF,141918.0,,0.89000005,EMD-35189,20230121,3.97,True
tomography,BY AUTHOR,FSC 0.5 CUT-OFF,21.0,,1.67,EMD-40364,20230407,32.0,False
subtomogramAveraging,BY AUTHOR,FSC 0.143 CUT-OFF,,C1,1.7005,EMD-17137,20230417,3.8,False
singleParticle,BY AUTHOR,OTHER,100638.0,,0.86,EMD-15972,20221017,6.19,False
singleParticle,BY AUTHOR,FSC 0.143 CUT-OFF,45399.0,,0.929,EMD-39255,20240226,2.6,True
singleParticle,BY AUTHOR,FSC 0.143 CUT-OFF,19007.0,,2.68,EMD-45695,20240711,9.21,False
singleParticle,BY AUTHOR,FSC 0.143 CUT-OFF,91823.0,,1.005,EMD-37910,20231030,2.59,True
singleParticle,BY AUTHOR,FSC 0.143 CUT-OFF,234648.0,C1,1.297,EMD-46644,20240819,3.3,False
subtomogramAveraging,BY AUTHOR,FSC 0.143 CUT-OFF,,C1,10.64,EMD-27457,20220630,31.0,False
singleParticle,BY AUTHOR,FSC 0.143 CUT-OFF,53450.0,D5,0.9,EMD-15961,20221014,2.1,True
singleParticle,BY AUTHOR,FSC 0.143 CUT-OFF,80381.0,C1,0.85,EMD-42575,20231031,3.0,False
singleParticle,BY AUTHOR,FSC 0.143 CUT-OFF,17097.0,C7,0.88,EMD-61779,20240930,2.9,True
singleParticle,BY AUTHOR,FSC 0.143 CUT-OFF,89494.0,,0.832,EMD-34408,20220927,3.7,True
singleParticle,BY AUTHOR,FSC 0.143 CUT-OFF,8354.0,,1.34,EMD-16649,20230206,8.29,False
singleParticle,BY AUTHOR,FSC 0.143 CUT-OFF,185002.0,,0.83,EMD-27416,20220623,3.26,True
singleParticle,BY AUTHOR,FSC 0.143 CUT-OFF,233242.0,,1.071,EMD-36599,20230617,2.6,True
helical,BY AUTHOR,FSC 0.143 CUT-OFF,27747.0,,1.5073,EMD-50749,20240624,6.5,True
singleParticle,BY AUTHOR,FSC 0.143 CUT-OFF,53570.0,,0.86,EMD-51213,20240730,3.14,False
singleParticle,BY AUTHOR,FSC 0.143 CUT-OFF,339953.0,,1.08,EMD-35830,20230406,2.95,True
singleParticle,BY AUTHOR,FSC 0.143 CUT-OFF,66410.0,,0.8259999,EMD-47753,20241107,3.06,False
singleParticle,BY AUTHOR,FSC 0.143 CUT-OFF,280787.0,,0.95,EMD-60089,20240509,3.04,True
singleParticle,BY AUTHOR,FSC 0.143 CUT-OFF,871951.0,,1.07,EMD-37891,20231025,2.61,True
helical,BY AUTHOR,FSC 0.143 CUT-OFF,13000.0,,1.074,EMD-26287,20220220,4.4,False
singleParticle,BY AUTHOR,FSC 0.143 CUT-OFF,198256.0,,0.8242,EMD-51636,20240924,2.91,True
singleParticle,BY AUTHOR,FSC 0.143 CUT-OFF,126389.0,,1.0979,EMD-38159,20231129,3.11,True
singleParticle,BY AUTHOR,FSC 0.143 CUT-OFF,19023.0,C1,1.2,EMD-34405,20220927,6.77,False
singleParticle,BY AUTHOR,FSC 0.143 CUT-OFF,197438.0,,0.647,EMD-17103,20230411,2.9,True
singleParticle,BY AUTHOR,FSC 0.143 CUT-OFF,46266.0,,1.16,EMD-46958,20240908,3.9,True
singleParticle,BY AUTHOR,FSC 0.143 CUT-OFF,35278.0,,1.14,EMD-62131,20241022,3.2,True
singleParticle,BY AUTHOR,FSC 0.5 CUT-OFF,3363.0,,2.21,EMD-36267,20230523,25.0,False
singleParticle,BY AUTHOR,FSC 0.143 CUT-OFF,72157.0,,0.8293,EMD-47668,20241101,2.53,True
singleParticle,BY AUTHOR,FSC 0.143 CUT-OFF,96066.0,,0.837,EMD-14652,20220329,3.01,True
singleParticle,BY AUTHOR,FSC 0.143 CUT-OFF,119577.0,,1.069,EMD-43470,20240119,3.19,False
singleParticle,BY AUTHOR,FSC 0.143 CUT-OFF,17000.0,O,0.83000004,EMD-36811,20230711,2.2,False
singleParticle,BY AUTHOR,FSC 0.143 CUT-OFF,22532.0,C3,1.095,EMD-34420,20220930,2.99,True
singleParticle,BY AUTHOR,FSC 0.143 CUT-OFF,130904.0,C2,0.84,EMD-27480,20220701,2.95,True
singleParticle,BY AUTHOR,FSC 0.143 CUT-OFF,959111.0,,1.11,EMD-15475,20220727,2.59,True
subtomogramAveraging,BY AUTHOR,OTHER,,C1,3.543,EMD-28125,20220913,41.0,False
singleParticle,BY AUTHOR,FSC 0.143 CUT-OFF,341267.0,,0.832,EMD-38494,20231228,3.14,True
singleParticle,BY AUTHOR,FSC 0.143 CUT-OFF,162577.0,,1.06,EMD-34966,20221215,3.78,True
singleParticle,BY AUTHOR,FSC 0.143 CUT-OFF,312103.0,,0.86,EMD-50339,20240519,3.03,True
singleParticle,BY AUTHOR,FSC 0.143 CUT-OFF,1166.0,,6.84,EMD-16262,20221203,43.0,False
singleParticle,BY AUTHOR,FSC 0.143 CUT-OFF,178895.0,,1.32,EMD-18833,20231102,3.9,True
singleParticle,BY AUTHOR,FSC 0.143 CUT-OFF,50715.0,,1.05,EMD-16611,20230202,3.6,True
singleParticle,BY AUTHOR,FSC 0.143 CUT-OFF,78927.0,,1.061,EMD-39996,20240502,2.97,True
singleParticle,BY AUTHOR,FSC 0.143 CUT-OFF,1135.0,,6.8,EMD-46863,20240903,20.0,False
singleParticle,BY AUTHOR,FSC 0.143 CUT-OFF,53748.0,,0.839,EMD-18394,20230906,3.2,False
singleParticle,BY AUTHOR,FSC 0.143 CUT-OFF,201761.0,,1.0153,EMD-41850,20230906,2.96,False
singleParticle,BY AUTHOR,FSC 0.143 CUT-OFF,73836.0,,1.0773,EMD-38890,20240129,3.49,False
singleParticle,BY AUTHOR,FSC 0.143 CUT-OFF,56663.0,C1,1.1,EMD-47870,20241112,3.5,False
singleParticle,BY AUTHOR,FSC 0.143 CUT-OFF,61956.0,,0.8512,EMD-19856,20240314,3.55,False
singleParticle,BY AUTHOR,FSC 0.143 CUT-OFF,102741.0,,0.985,EMD-33713,20220628,3.14,True
singleParticle,BY AUTHOR,FSC 0.143 CUT-OFF,153591.0,C4,0.99,EMD-39052,20240206,3.12,True
singleParticle,BY AUTHOR,FSC 0.143 CUT-OFF,278995.0,C1,1.093333,EMD-42140,20230927,2.85,True
subtomogramAveraging,BY AUTHOR,FSC 0.143 CUT-OFF,,C1,6.06,EMD-15980,20221018,20.7,True
singleParticle,BY AUTHOR,FSC 0.5 CUT-OFF,8762.0,,1.77,EMD-41694,20230823,20.0,False
singleParticle,BY AUTHOR,FSC 0.143 CUT-OFF,134336.0,,0.837,EMD-47402,20241021,2.47,False
singleParticle,BY AUTHOR,FSC 0.143 CUT-OFF,253874.0,,0.85,EMD-38065,20231116,2.84,True
singleParticle,BY AUTHOR,FSC 0.143 CUT-OFF,93957.0,,1.6600001,EMD-18208,20230816,4.35,False
subtomogramAveraging,BY AUTHOR,FSC 0.143 CUT-OFF,,C1,4.34,EMD-19214,20231221,17.4,False
subtomogramAveraging,BY AUTHOR,FSC 0.143 CUT-OFF,,,1.72,EMD-27550,20220710,10.2,False
singleParticle,BY AUTHOR,FSC 0.143 CUT-OFF,621102.0,,0.85,EMD-36489,20230613,2.9,True
singleParticle,BY AUTHOR,FSC 0.143 CUT-OFF,127613.0,,1.04,EMD-62477,20241120,3.3,False
singleParticle,BY AUTHOR,FSC 0.143 CUT-OFF,6395.0,,5.4,EMD-19594,20240208,30.0,False
singleParticle,BY AUTHOR,FSC 0.143 CUT-OFF,99879.0,,1.09,EMD-40666,20230429,3.3,False
helical,BY AUTHOR,FSC 0.143 CUT-OFF,225892.0,,0.84,EMD-18043,20230727,8.7,True
singleParticle,BY AUTHOR,FSC 0.143 CUT-OFF,11617.0,,1.32,EMD-35478,20230226,4.4,False
singleParticle,BY AUTHOR,FSC 0.143 CUT-OFF,197859.0,,1.0580032,EMD-40642,20230428,3.41,True
singleParticle,BY AUTHOR,FSC 0.143 CUT-OFF,76463.0,C1,0.834,EMD-35253,20230205,3.25,True
singleParticle,BY AUTHOR,FSC 0.143 CUT-OFF,1326857.0,C1,0.86,EMD-40864,20230524,2.65,True
singleParticle,BY AUTHOR,FSC 0.143 CUT-OFF,368518.0,,0.83,EMD-39254,20240226,3.78,True
singleParticle,BY AUTHOR,FSC 0.143 CUT-OFF,349532.0,,1.0825,EMD-36948,20230729,2.6,True
singleParticle,BY AUTHOR,FSC 0.143 CUT-OFF,16121.0,,1.05,EMD-18947,20231120,4.23,True
singleParticle,BY AUTHOR,FSC 0.143 CUT-OFF,98057.0,,0.97,EMD-61264,20240822,2.47,False
singleParticle,BY AUTHOR,FSC 0.143 CUT-OFF,455041.0,,1.048,EMD-42402,20231019,3.21,True
singleParticle,BY AUTHOR,FSC 0.143 CUT-OFF,81009.0,,0.837,EMD-14662,20220329,3.17,False
singleParticle,BY AUTHOR,FSC 0.143 CUT-OFF,99927.0,,1.1714,EMD-45512,20240627,3.2,False
singleParticle,BY AUTHOR,FSC 0.143 CUT-OFF,212256.0,,0.8617,EMD-15777,20220907,3.0,True
singleParticle,BY AUTHOR,FSC 0.143 CUT-OFF,52843.0,C1,1.09,EMD-47801,20241108,9.0,True
singleParticle,BY AUTHOR,FSC 0.143 CUT-OFF,160479.0,C1,0.86,EMD-52237,20241204,2.88,True
singleParticle,BY AUTHOR,FSC 0.143 CUT-OFF,352671.0,C2,0.8249999,EMD-41501,20230806,3.3,True
singleParticle,BY AUTHOR,FSC 0.143 CUT-OFF,61624.0,C1,0.664,EMD-42131,20230926,3.14,True
singleParticle,BY AUTHOR,FSC 0.143 CUT-OFF,542311.0,,1.332,EMD-26792,20220427,3.1,False
singleParticle,BY AUTHOR,FSC 0.143 CUT-OFF,14876.0,,1.058,EMD-46450,20240806,3.4,False
singleParticle,BY AUTHOR,FSC 0.143 CUT-OFF,152938.0,C5,0.76,EMD-35162,20230118,2.92,True
singleParticle,BY AUTHOR,FSC 0.143 CUT-OFF,200890.0,,0.83,EMD-42717,20231109,3.42,False
singleParticle,BY AUTHOR,FSC 0.143 CUT-OFF,122412.0,C3,1.092,EMD-15378,20220712,3.25,True
singleParticle,BY AUTHOR,FSC 0.143 CUT-OFF,29573.0,C1,1.1,EMD-47781,20241108,3.9,False
singleParticle,BY AUTHOR,FSC 0.143 CUT-OFF,76907.0,C1,1.072,EMD-29113,20221215,2.84,False
singleParticle,BY AUTHOR,OTHER,444666.0,,0.95899993,EMD-47368,20241019,2.8,False
singleParticle,BY AUTHOR,FSC 0.143 CUT-OFF,294068.0,,1.061,EMD-51947,20241029,2.7,True
singleParticle,BY AUTHOR,FSC 0.143 CUT-OFF,126808.0,,0.932,EMD-38111,20231125,3.57,True
singleParticle,BY AUTHOR,FSC 0.5 CUT-OFF,49463.0,,0.96,EMD-47717,20241105,4.1,True
singleParticle,BY AUTHOR,FSC 0.143 CUT-OFF,4207.0,,0.648,EMD-51784,20241010,2.16,False
singleParticle,BY AUTHOR,FSC 0.143 CUT-OFF,22819.0,,1.32,EMD-37296,20230827,2.8,True
singleParticle,BY AUTHOR,FSC 0.143 CUT-OFF,512450.0,,1.071,EMD-36165,20230512,2.8,True
singleParticle,BY AUTHOR,FSC 0.143 CUT-OFF,1470056.0,,0.837,EMD-51412,20240823,5.3,False
singleParticle,BY AUTHOR,FSC 0.143 CUT-OFF,65620.0,,1.06,EMD-61910,20241013,2.7,True
singleParticle,BY AUTHOR,FSC 0.143 CUT-OFF,249000.0,,0.822,EMD-40567,20230420,3.2,True
singleParticle,BY AUTHOR,FSC 0.143 CUT-OFF,101780.0,,1.095,EMD-37880,20231024,3.15,True
singleParticle,BY AUTHOR,FSC 0.143 CUT-OFF,1904551.0,,1.035,EMD-46571,20240813,2.74,True
singleParticle,BY AUTHOR,FSC 0.143 CUT-OFF,90594.0,,1.059,EMD-17828,20230712,3.8,True
singleParticle,BY AUTHOR,FSC 0.143 CUT-OFF,3564.0,,1.1,EMD-34119,20220818,3.8,True
singleParticle,BY AUTHOR,FSC 0.143 CUT-OFF,88968.0,,0.6725,EMD-19175,20231215,3.01,True
singleParticle,BY AUTHOR,FSC 0.143 CUT-OFF,752729.0,,0.83500004,EMD-44378,20240401,2.9,False
singleParticle,BY AUTHOR,FSC 0.143 CUT-OFF,25124.0,,0.73,EMD-29794,20230216,5.6,True
singleParticle,BY AUTHOR,FSC 0.143 CUT-OFF,14972.0,I,1.0624,EMD-27824,20220809,2.5,True
singleParticle,BY AUTHOR,FSC 0.143 CUT-OFF,52000.0,C1,1.23992,EMD-50384,20240523,3.4,True
singleParticle,BY AUTHOR,FSC 0.143 CUT-OFF,18529.0,,0.72,EMD-48312,20241213,3.5,True
singleParticle,BY AUTHOR,FSC 0.143 CUT-OFF,85781.0,,1.302,EMD-53297,20250331,3.67,False
subtomogramAveraging,BY AUTHOR,FSC 0.143 CUT-OFF,,C5,3.55,EMD-17974,20230718,31.0,False
singleParticle,BY AUTHOR,FSC 0.143 CUT-OFF,41722.0,,1.0375,EMD-38766,20240119,3.3,True
singleParticle,BY AUTHOR,FSC 0.143 CUT-OFF,442105.0,C1,1.16,EMD-51494,20240905,2.7,True
singleParticle,BY AUTHOR,FSC 0.143 CUT-OFF,32928.0,,1.045,EMD-19314,20240102,3.1,False
subtomogramAveraging,BY AUTHOR,FSC 0.143 CUT-OFF,,O,0.7289999,EMD-41199,20230706,1.8,False
subtomogramAveraging,BY AUTHOR,FSC 0.143 CUT-OFF,,C6,1.3400002,EMD-16187,20221121,4.15,False
singleParticle,BY AUTHOR,FSC 0.143 CUT-OFF,26000.0,I,1.408,EMD-51372,20240816,3.61,False
singleParticle,BY AUTHOR,FSC 0.143 CUT-OFF,268464.0,,1.0,EMD-27530,20220708,2.68,True
singleParticle,BY AUTHOR,FSC 0.143 CUT-OFF,76643.0,C1,0.93,EMD-36105,20230503,2.94,False
singleParticle,BY AUTHOR,FSC 0.143 CUT-OFF,158150.0,C1,1.03,EMD-44876,20240514,2.58,True
singleParticle,BY AUTHOR,FSC 0.143 CUT-OFF,203560.0,,1.3012,EMD-50881,20240703,7.2,False
singleParticle,BY AUTHOR,FSC 0.143 CUT-OFF,338429.0,C1,1.06,EMD-26420,20220312,2.7,True
singleParticle,BY AUTHOR,FSC 0.143 CUT-OFF,166130.0,,1.122,EMD-28534,20221006,3.15,True
singleParticle,BY AUTHOR,FSC 0.5 CUT-OFF,88288.0,C1,1.77,EMD-14904,20220504,25.0,False
singleParticle,BY AUTHOR,FSC 0.143 CUT-OFF,599831.0,,1.059,EMD-17814,20230708,3.0,True
singleParticle,BY AUTHOR,FSC 0.143 CUT-OFF,66189.0,C1,2.6,EMD-51370,20240816,6.3,False
singleParticle,BY AUTHOR,FSC 0.143 CUT-OFF,32512.0,,1.5,EMD-16030,20221027,6.04,True
singleParticle,BY AUTHOR,FSC 0.143 CUT-OFF,68414.0,,0.839,EMD-29824,20230217,4.0,True
singleParticle,BY AUTHOR,FSC 0.143 CUT-OFF,97569.0,,0.858,EMD-41816,20230901,3.7,True
singleParticle,BY AUTHOR,FSC 0.143 CUT-OFF,44683.0,C1,1.294,EMD-45748,20240715,4.0,True
singleParticle,BY AUTHOR,FSC 0.143 CUT-OFF,124137.0,C1,0.7538,EMD-39372,20240305,3.27,True
singleParticle,BY AUTHOR,FSC 0.143 CUT-OFF,292483.0,,1.08,EMD-29282,20221221,2.9,True
singleParticle,BY AUTHOR,FSC 0.143 CUT-OFF,37422.0,,1.32,EMD-32842,20220209,8.3,True
singleParticle,BY AUTHOR,FSC 0.143 CUT-OFF,113566.0,,0.83,EMD-26710,20220421,3.19,True
singleParticle,BY AUTHOR,FSC 0.143 CUT-OFF,345875.0,,0.69,EMD-38792,20240121,3.12,True
singleParticle,BY AUTHOR,FSC 0.143 CUT-OFF,4160.0,,1.15,EMD-43861,20240228,8.1,False
singleParticle,BY AUTHOR,FSC 0.143 CUT-OFF,132000.0,,1.08,EMD-60798,20240713,3.16,True
singleParticle,BY AUTHOR,FSC 0.143 CUT-OFF,134039.0,,0.83,EMD-40499,20230414,2.17,True
singleParticle,BY AUTHOR,FSC 0.143 CUT-OFF,141458.0,C1,1.1,EMD-15803,20220912,3.2,True
singleParticle,BY AUTHOR,FSC 0.143 CUT-OFF,348210.0,,0.72,EMD-45738,20240712,3.06,True
singleParticle,BY AUTHOR,FSC 0.143 CUT-OFF,74899.0,,0.82,EMD-27070,20220523,2.94,True
singleParticle,BY AUTHOR,FSC 0.143 CUT-OFF,473353.0,C1,0.825,EMD-42888,20231121,2.9,True
singleParticle,BY AUTHOR,FSC 0.143 CUT-OFF,103522.0,,0.534,EMD-41668,20230821,2.69,True
singleParticle,BY AUTHOR,FSC 0.143 CUT-OFF,84255.0,,0.88,EMD-33282,20220422,3.2,False
singleParticle,BY AUTHOR,FSC 0.143 CUT-OFF,268568.0,C3,0.6488001,EMD-45153,20240530,2.42,True
singleParticle,BY AUTHOR,FSC 0.143 CUT-OFF,104621.0,,0.83500004,EMD-44263,20240325,3.1,False
singleParticle,BY AUTHOR,FSC 0.143 CUT-OFF,286815.0,,1.07,EMD-27074,20220523,2.9,True
singleParticle,BY AUTHOR,FSC 0.143 CUT-OFF,218154.0,C3,1.19,EMD-39796,20240418,2.99,True
singleParticle,BY AUTHOR,FSC 0.143 CUT-OFF,356783.0,,1.049,EMD-50193,20240429,2.93,False
helical,BY AUTHOR,FSC 0.143 CUT-OFF,45351.0,,0.82199997,EMD-28695,20221028,2.8,False
singleParticle,BY AUTHOR,FSC 0.143 CUT-OFF,51335.0,,1.1952,EMD-34102,20220816,5.6,True
singleParticle,BY AUTHOR,FSC 0.143 CUT-OFF,536955.0,C2,0.8320001,EMD-45657,20240710,2.3,True
singleParticle,BY AUTHOR,FSC 0.143 CUT-OFF,17601.0,,2.604,EMD-53269,20250326,13.0,False
singleParticle,BY AUTHOR,FSC 0.143 CUT-OFF,457179.0,,1.034,EMD-42208,20231004,3.1,True
singleParticle,BY AUTHOR,FSC 0.143 CUT-OFF,58921.0,,1.944,EMD-47675,20241101,5.4,False
singleParticle,BY AUTHOR,FSC 0.143 CUT-OFF,144801.0,,0.73,EMD-43702,20240212,3.37,False
singleParticle,BY AUTHOR,FSC 0.143 CUT-OFF,87180.0,,0.856,EMD-28053,20220907,3.92,False
subtomogramAveraging,BY AUTHOR,FSC 0.143 CUT-OFF,,C1,2.65,EMD-46442,20240806,8.0,False
singleParticle,BY AUTHOR,FSC 0.143 CUT-OFF,330717.0,,0.831,EMD-18680,20231018,2.9,True
singleParticle,BY AUTHOR,FSC 0.143 CUT-OFF,225696.0,,0.949999,EMD-33046,20220310,3.5,True
singleParticle,BY AUTHOR,FSC 0.143 CUT-OFF,1500.0,,2.62,EMD-40540,20230417,6.27,False
helical,BY AUTHOR,FSC 0.143 CUT-OFF,5927.0,,1.058,EMD-48226,20241209,3.22,True
singleParticle,BY AUTHOR,FSC 0.143 CUT-OFF,312476.0,,0.73,EMD-52972,20250227,2.81,True
singleParticle,BY AUTHOR,FSC 0.143 CUT-OFF,7635.0,D7,0.94,EMD-70755,20250520,4.8,False
singleParticle,BY AUTHOR,FSC 0.143 CUT-OFF,45095.0,,0.83,EMD-35354,20230210,3.2,True
singleParticle,BY AUTHOR,FSC 0.143 CUT-OFF,58095.0,,1.09,EMD-33404,20220509,3.7,True
singleParticle,BY AUTHOR,FSC 0.143 CUT-OFF,34800.0,,0.873,EMD-26349,20220302,4.03,True
helical,BY AUTHOR,FSC 0.143 CUT-OFF,46003.0,,1.05,EMD-15148,20220612,2.68,True
singleParticle,BY AUTHOR,FSC 0.143 CUT-OFF,228696.0,,1.08,EMD-36077,20230502,2.87,True
tomography,BY AUTHOR,FSC 0.5 CUT-OFF,21.0,,1.67,EMD-40363,20230407,27.0,False
singleParticle,BY AUTHOR,FSC 0.143 CUT-OFF,134558.0,,0.98,EMD-60029,20240506,3.89,False
helical,BY AUTHOR,FSC 0.143 CUT-OFF,461253.0,,1.08,EMD-26800,20220428,3.1,True
singleParticle,BY AUTHOR,FSC 0.143 CUT-OFF,2351.0,,1.15,EMD-45471,20240624,8.19,False
tomography,BY AUTHOR,FSC 0.5 CUT-OFF,21.0,,1.67,EMD-40376,20230408,26.0,False
singleParticle,BY AUTHOR,FSC 0.143 CUT-OFF,209004.0,C5,1.68,EMD-47327,20241016,4.3,True
singleParticle,BY AUTHOR,FSC 0.143 CUT-OFF,130778.0,,0.885,EMD-29502,20230120,3.67,True
singleParticle,BY AUTHOR,FSC 0.143 CUT-OFF,394270.0,,1.07,EMD-32949,20220224,3.26,True
singleParticle,BY AUTHOR,FSC 0.143 CUT-OFF,339543.0,,0.8232,EMD-29786,20230216,2.02,True
singleParticle,BY AUTHOR,FSC 0.143 CUT-OFF,12007.0,,0.855,EMD-43953,20240306,3.3,False
singleParticle,BY AUTHOR,FSC 0.143 CUT-OFF,214397.0,,1.124,EMD-27952,20220826,2.57,True
singleParticle,BY AUTHOR,FSC 0.143 CUT-OFF,64775.0,C1,1.6512,EMD-28734,20221031,4.3,False
singleParticle,BY AUTHOR,FSC 0.143 CUT-OFF,29595.0,C1,1.045,EMD-27113,20220526,3.7,True
singleParticle,BY AUTHOR,FSC 0.143 CUT-OFF,7672.0,C1,0.88,EMD-61777,20240930,3.73,True
singleParticle,BY AUTHOR,FSC 0.143 CUT-OFF,449650.0,,1.1,EMD-60577,20240618,4.07,True
singleParticle,BY AUTHOR,FSC 0.143 CUT-OFF,250888.0,C1,0.832,EMD-17626,20230613,2.8,True
singleParticle,BY AUTHOR,FSC 0.143 CUT-OFF,186253.0,,1.05,EMD-33010,20220304,3.63,True
singleParticle,BY AUTHOR,FSC 0.143 CUT-OFF,59624.0,C2,0.743,EMD-42115,20230925,5.6,False
singleParticle,BY AUTHOR,FSC 0.5 CUT-OFF,82174.0,,2.06,EMD-27353,20220619,25.0,False
singleParticle,BY AUTHOR,FSC 0.143 CUT-OFF,286170.0,,0.66,EMD-26655,20220414,2.75,True
singleParticle,BY AUTHOR,FSC 0.143 CUT-OFF,76401.0,,1.07,EMD-38403,20231221,3.11,True
singleParticle,BY AUTHOR,FSC 0.143 CUT-OFF,295666.0,,0.725,EMD-47991,20241121,2.45,True
subtomogramAveraging,BY AUTHOR,FSC 0.143 CUT-OFF,,C1,1.9,EMD-50682,20240618,7.0,False
singleParticle,BY AUTHOR,FSC 0.143 CUT-OFF,157993.0,,1.04,EMD-39927,20240429,3.1,True
singleParticle,BY AUTHOR,FSC 0.143 CUT-OFF,85000.0,C1,1.23992,EMD-50366,20240523,3.0,True
singleParticle,BY AUTHOR,FSC 0.143 CUT-OFF,47951.0,,0.8677,EMD-40176,20230316,3.4,False
subtomogramAveraging,BY AUTHOR,FSC 0.143 CUT-OFF,,,2.38,EMD-50148,20240423,32.64,False
singleParticle,BY AUTHOR,FSC 0.143 CUT-OFF,337415.0,,1.162,EMD-35258,20230206,3.2,True
singleParticle,BY AUTHOR,FSC 0.143 CUT-OFF,379991.0,C1,1.025,EMD-14845,20220424,4.0,True
singleParticle,BY AUTHOR,FSC 0.143 CUT-OFF,75907.0,,0.899,EMD-43662,20240208,3.6,True
singleParticle,BY AUTHOR,FSC 0.143 CUT-OFF,164400.0,,0.88,EMD-41232,20230711,2.66,True
singleParticle,BY AUTHOR,FSC 0.143 CUT-OFF,448162.0,,0.83500004,EMD-44330,20240328,2.7,True
singleParticle,BY AUTHOR,FSC 0.143 CUT-OFF,423131.0,,0.81,EMD-39460,20240314,3.21,True
singleParticle,BY AUTHOR,FSC 0.143 CUT-OFF,38528.0,C1,0.834,EMD-35251,20230205,3.42,False
singleParticle,BY AUTHOR,FSC 0.143 CUT-OFF,2338.0,,0.80799997,EMD-39531,20240320,6.99,False
singleParticle,BY AUTHOR,FSC 0.143 CUT-OFF,301910.0,,0.83,EMD-42702,20231109,3.35,False
subtomogramAveraging,BY AUTHOR,FSC 0.143 CUT-OFF,,C2,2.1,EMD-27184,20220601,9.8,True
singleParticle,BY AUTHOR,FSC 0.143 CUT-OFF,53000.0,C5,1.07,EMD-28824,20221108,3.0,True
singleParticle,BY AUTHOR,FSC 0.143 CUT-OFF,32594.0,C1,1.02,EMD-50810,20240627,6.4,False
singleParticle,BY AUTHOR,FSC 0.143 CUT-OFF,99493.0,,1.0825,EMD-60277,20240527,5.62,False
singleParticle,BY AUTHOR,OTHER,45083.0,,1.3225,EMD-26909,20220509,3.8,True
singleParticle,BY AUTHOR,FSC 0.143 CUT-OFF,631098.0,,0.648,EMD-42432,20231019,3.8,True
singleParticle,BY AUTHOR,FSC 0.143 CUT-OFF,184512.0,C1,0.835,EMD-46815,20240830,2.6,False
singleParticle,BY AUTHOR,FSC 0.143 CUT-OFF,48037.0,C1,1.072,EMD-29109,20221215,3.03,False
singleParticle,BY AUTHOR,FSC 0.143 CUT-OFF,14468.0,,1.045,EMD-14994,20220518,3.1,False
singleParticle,BY AUTHOR,FSC 0.143 CUT-OFF,206460.0,,0.88,EMD-33266,20220420,2.9,False
singleParticle,BY AUTHOR,FSC 0.143 CUT-OFF,136874.0,C4,1.0799999,EMD-27712,20220726,3.6,True
singleParticle,BY AUTHOR,FSC 0.143 CUT-OFF,146505.0,,1.0742,EMD-39000,20240203,4.1,False
singleParticle,BY AUTHOR,FSC 0.143 CUT-OFF,70095.0,,0.675,EMD-33270,20220420,2.2,True
singleParticle,BY AUTHOR,FSC 0.143 CUT-OFF,106838.0,,1.069,EMD-45244,20240607,3.4,True
singleParticle,BY AUTHOR,FSC 0.143 CUT-OFF,41358.0,,1.05,EMD-19797,20240305,3.4,False
singleParticle,BY AUTHOR,FSC 0.143 CUT-OFF,168154.0,,1.1,EMD-36835,20230712,3.18,True
singleParticle,BY AUTHOR,FSC 0.143 CUT-OFF,63584.0,C4,0.86,EMD-14678,20220330,4.3,True
singleParticle,BY AUTHOR,FSC 0.143 CUT-OFF,49865.0,,1.1,EMD-61071,20240803,3.5,True
helical,BY AUTHOR,FSC 0.143 CUT-OFF,3409.0,,1.34,EMD-18849,20231106,8.2,False
singleParticle,BY AUTHOR,FSC 0.143 CUT-OFF,68874.0,,1.014,EMD-33160,20220331,3.27,True
singleParticle,BY AUTHOR,FSC 0.143 CUT-OFF,616710.0,,1.0825,EMD-34906,20221206,2.9,True
singleParticle,BY AUTHOR,FSC 0.143 CUT-OFF,280710.0,,1.245,EMD-37900,20231027,3.12,True
singleParticle,BY AUTHOR,FSC 0.143 CUT-OFF,630862.0,,1.08,EMD-37993,20231107,3.2,False
helical,BY AUTHOR,FSC 0.143 CUT-OFF,25550.0,,0.81,EMD-16930,20230329,2.86,True
singleParticle,BY AUTHOR,FSC 0.143 CUT-OFF,132786.0,,1.069,EMD-43465,20240118,3.22,False
singleParticle,BY AUTHOR,FSC 0.143 CUT-OFF,284505.0,,1.068,EMD-43079,20231208,2.76,False
singleParticle,BY AUTHOR,FSC 0.143 CUT-OFF,23410.0,,1.32,EMD-61607,20240920,3.8,True
singleParticle,BY AUTHOR,FSC 0.143 CUT-OFF,66283.0,C2,0.86,EMD-17978,20230718,3.78,False
singleParticle,BY AUTHOR,FSC 0.143 CUT-OFF,148707.0,C1,1.1,EMD-46643,20240819,4.2,False
singleParticle,BY AUTHOR,FSC 0.143 CUT-OFF,74940.0,,1.07,EMD-15923,20221005,3.6,False
singleParticle,BY AUTHOR,FSC 0.143 CUT-OFF,8631.0,,1.625,EMD-34702,20221109,6.9,False
singleParticle,BY AUTHOR,FSC 0.143 CUT-OFF,14775.0,,1.0,EMD-39270,20240227,3.53,False
singleParticle,BY AUTHOR,FSC 0.143 CUT-OFF,422161.0,C1,0.84560007,EMD-18784,20231030,3.01,True
singleParticle,BY AUTHOR,FSC 0.5 CUT-OFF,41400.0,,1.7700001,EMD-41539,20230808,20.0,False
singleParticle,BY AUTHOR,FSC 0.143 CUT-OFF,189312.0,C2,1.1081,EMD-41930,20230912,2.4,True
singleParticle,BY AUTHOR,FSC 0.143 CUT-OFF,21493.0,I,1.074,EMD-61526,20240913,2.46,True
singleParticle,BY AUTHOR,FSC 0.143 CUT-OFF,53820.0,,1.0979,EMD-36038,20230427,2.7,True
singleParticle,BY AUTHOR,FSC 0.143 CUT-OFF,164876.0,C1,0.729,EMD-51380,20240819,3.65,True
singleParticle,BY AUTHOR,FSC 0.143 CUT-OFF,575732.0,,0.83,EMD-42697,20231109,2.65,False
singleParticle,BY AUTHOR,FSC 0.143 CUT-OFF,176166.0,,1.048,EMD-27687,20220721,3.48,True
singleParticle,BY AUTHOR,FSC 0.143 CUT-OFF,1.0,C1,0.67,EMD-33826,20220713,3.4,False
singleParticle,BY AUTHOR,FSC 0.143 CUT-OFF,129229.0,,0.825,EMD-41460,20230804,2.14,True
singleParticle,BY AUTHOR,FSC 0.143 CUT-OFF,282848.0,,1.04,EMD-34825,20221121,2.77,True
singleParticle,BY AUTHOR,FSC 0.143 CUT-OFF,11588.0,,0.788,EMD-35636,20230314,3.7,False
singleParticle,BY AUTHOR,FSC 0.143 CUT-OFF,23330.0,C1,1.2876,EMD-19163,20231214,3.27,True
singleParticle,BY AUTHOR,FSC 0.143 CUT-OFF,368486.0,,1.069,EMD-41372,20230727,2.85,True
subtomogramAveraging,BY AUTHOR,FSC 0.143 CUT-OFF,,C1,1.96,EMD-18232,20230816,4.5,False
singleParticle,BY AUTHOR,FSC 0.143 CUT-OFF,111413.0,,0.89,EMD-33053,20220310,3.8,True
singleParticle,BY AUTHOR,FSC 0.143 CUT-OFF,42006.0,,1.885,EMD-14616,20220324,7.54,False
singleParticle,BY AUTHOR,FSC 0.143 CUT-OFF,20559.0,,0.99,EMD-40790,20230516,3.2,False
singleParticle,BY AUTHOR,FSC 0.143 CUT-OFF,882480.0,,0.83,EMD-39258,20240226,3.29,True
singleParticle,BY AUTHOR,FSC 0.143 CUT-OFF,1344948.0,,0.83,EMD-43312,20240108,2.46,False
singleParticle,BY AUTHOR,FSC 0.143 CUT-OFF,56094.0,,1.34,EMD-63653,20250306,4.9,False
singleParticle,BY AUTHOR,FSC 0.143 CUT-OFF,1698.0,,1.1,EMD-60199,20240516,6.7,True
helical,BY AUTHOR,FSC 0.143 CUT-OFF,329437.0,,0.808,EMD-50436,20240526,3.2,True
singleParticle,BY AUTHOR,FSC 0.143 CUT-OFF,259210.0,,0.642,EMD-19406,20240112,3.3,True
singleParticle,BY AUTHOR,FSC 0.143 CUT-OFF,47335.0,,0.66,EMD-60390,20240603,3.4,True
singleParticle,BY AUTHOR,FSC 0.143 CUT-OFF,39125.0,,1.053,EMD-29472,20230118,4.7,False
singleParticle,BY AUTHOR,FSC 0.143 CUT-OFF,58420.0,D2,1.2463,EMD-14862,20220428,3.56,True
singleParticle,BY AUTHOR,FSC 0.143 CUT-OFF,45805.0,,0.8677,EMD-42427,20231019,4.0,True
singleParticle,BY AUTHOR,FSC 0.143 CUT-OFF,94971.0,,0.93,EMD-37509,20230920,4.45,True
singleParticle,BY AUTHOR,FSC 0.143 CUT-OFF,27524.0,,1.059,EMD-32794,20220205,3.8,True
singleParticle,BY AUTHOR,FSC 0.143 CUT-OFF,1541.0,,3.18,EMD-17274,20230503,9.06,False
singleParticle,BY AUTHOR,FSC 0.143 CUT-OFF,42860.0,C1,1.063,EMD-41392,20230729,3.4,True
singleParticle,BY AUTHOR,FSC 0.143 CUT-OFF,81000.0,C1,1.014,EMD-45053,20240524,3.93,True
singleParticle,BY AUTHOR,FSC 0.143 CUT-OFF,95437.0,,1.048,EMD-47719,20241105,3.01,True
singleParticle,BY AUTHOR,FSC 0.143 CUT-OFF,40792.0,,2.54,EMD-36464,20230608,7.3,False
singleParticle,BY AUTHOR,FSC 0.143 CUT-OFF,192457.0,,1.35,EMD-34422,20220930,3.44681,True
singleParticle,BY AUTHOR,FSC 0.143 CUT-OFF,738896.0,,1.087,EMD-38426,20231224,3.2,False
subtomogramAveraging,BY AUTHOR,FSC 0.143 CUT-OFF,,C1,1.9,EMD-50676,20240618,15.8,False
singleParticle,BY AUTHOR,FSC 0.143 CUT-OFF,28770.0,,1.339806,EMD-19197,20231220,2.90061,True
singleParticle,BY AUTHOR,FSC 0.143 CUT-OFF,9000.0,,1.05,EMD-47303,20241014,5.27,True
subtomogramAveraging,BY AUTHOR,FSC 0.143 CUT-OFF,,C1,4.34,EMD-19211,20231221,8.8,False
singleParticle,BY AUTHOR,FSC 0.143 CUT-OFF,986466.0,,1.087,EMD-33654,20220621,3.0,False
singleParticle,BY AUTHOR,FSC 0.143 CUT-OFF,156915.0,,0.82,EMD-34107,20220817,3.7,True
singleParticle,BY AUTHOR,FSC 0.143 CUT-OFF,530120.0,,1.066,EMD-61012,20240731,4.24,False
singleParticle,BY AUTHOR,FSC 0.143 CUT-OFF,78587.0,C7,0.889,EMD-28207,20220921,3.56,True
singleParticle,BY AUTHOR,FSC 0.5 CUT-OFF,45061.0,,2.06,EMD-27381,20220619,25.0,False
singleParticle,BY AUTHOR,FSC 0.143 CUT-OFF,78663.0,,1.3013,EMD-50462,20240528,3.61,False
singleParticle,BY AUTHOR,FSC 0.143 CUT-OFF,126449.0,,1.08,EMD-18731,20231024,2.82,True
subtomogramAveraging,BY AUTHOR,FSC 0.143 CUT-OFF,,C1,1.9,EMD-16193,20221122,7.3,False
singleParticle,BY AUTHOR,FSC 0.143 CUT-OFF,335714.0,,1.055,EMD-35694,20230321,3.19,True
helical,BY AUTHOR,FSC 0.143 CUT-OFF,40855.0,,1.043,EMD-19184,20231218,3.3,True
singleParticle,BY AUTHOR,FSC 0.143 CUT-OFF,207661.0,,1.059,EMD-32809,20220205,2.8,False
singleParticle,BY AUTHOR,FSC 0.143 CUT-OFF,40031.0,,1.059,EMD-15433,20220720,2.8,False
singleParticle,BY AUTHOR,FSC 0.143 CUT-OFF,82948.0,,1.087,EMD-35266,20230206,3.85,True
singleParticle,BY AUTHOR,FSC 0.143 CUT-OFF,1397414.0,,0.669,EMD-36892,20230720,3.2,True
singleParticle,BY AUTHOR,FSC 0.143 CUT-OFF,100831.0,,1.079,EMD-27296,20220614,3.0,False
singleParticle,BY AUTHOR,FSC 0.143 CUT-OFF,111356.0,,0.67,EMD-33832,20220714,3.3,True
singleParticle,BY AUTHOR,FSC 0.143 CUT-OFF,220556.0,,1.08,EMD-40624,20230427,3.0,True
singleParticle,BY AUTHOR,FSC 0.143 CUT-OFF,104001.0,C1,1.2,EMD-17295,20230505,3.8,True
singleParticle,BY AUTHOR,FSC 0.143 CUT-OFF,320000.0,C6,1.0,EMD-29505,20230122,2.9,True
singleParticle,BY AUTHOR,FSC 0.143 CUT-OFF,232000.0,C1,1.074,EMD-49508,20250228,2.8,True
singleParticle,BY AUTHOR,FSC 0.143 CUT-OFF,352937.0,,0.86,EMD-70630,20250514,4.14,False
helical,BY AUTHOR,FSC 0.143 CUT-OFF,530580.0,,0.95,EMD-34010,20220804,3.5,True
singleParticle,BY AUTHOR,FSC 0.143 CUT-OFF,74692.0,,0.82899994,EMD-34589,20221026,3.9,True
singleParticle,BY AUTHOR,FSC 0.143 CUT-OFF,17584.0,,2.617188,EMD-16653,20230206,7.44,False
singleParticle,BY AUTHOR,FSC 0.143 CUT-OFF,86763.0,C1,0.8255,EMD-41071,20230616,3.3,True
singleParticle,BY AUTHOR,FSC 0.143 CUT-OFF,105690.0,C2,0.73499995,EMD-48384,20241219,2.08,True
subtomogramAveraging,BY AUTHOR,FSC 0.143 CUT-OFF,,C1,4.0,EMD-26965,20220512,25.0,True
singleParticle,BY AUTHOR,FSC 0.143 CUT-OFF,592494.0,,1.268,EMD-16937,20230329,2.75,False
singleParticle,BY AUTHOR,FSC 0.5 CUT-OFF,5090.0,,2.21,EMD-35961,20230417,25.0,False
singleParticle,BY AUTHOR,FSC 0.5 CUT-OFF,584540.0,D3,1.058,EMD-27282,20220614,2.2,True
singleParticle,BY AUTHOR,FSC 0.143 CUT-OFF,216306.0,,1.0825,EMD-35422,20230219,2.81,True
singleParticle,BY AUTHOR,FSC 0.143 CUT-OFF,615800.0,,0.856,EMD-34946,20221213,2.7,True
singleParticle,BY AUTHOR,FSC 0.143 CUT-OFF,142391.0,,1.014,EMD-33086,20220317,2.9,True
singleParticle,BY AUTHOR,FSC 0.143 CUT-OFF,99462.0,I,1.1,EMD-27951,20220826,3.15,True
singleParticle,BY AUTHOR,FSC 0.143 CUT-OFF,172227.0,,1.064,EMD-33232,20220418,3.7,False
singleParticle,BY AUTHOR,FSC 0.143 CUT-OFF,74367.0,C1,0.834,EMD-29779,20230215,3.3,True
singleParticle,BY AUTHOR,FSC 0.143 CUT-OFF,404158.0,,0.88533324,EMD-44873,20240513,3.1,True
singleParticle,BY AUTHOR,FSC 0.143 CUT-OFF,75358.0,,1.3,EMD-27910,20220820,3.69,False
singleParticle,BY AUTHOR,FSC 0.143 CUT-OFF,40884.0,,1.06,EMD-14827,20220422,2.87,False
singleParticle,BY AUTHOR,FSC 0.143 CUT-OFF,57622.0,C1,1.063,EMD-41414,20230801,3.1,False
singleParticle,BY AUTHOR,FSC 0.143 CUT-OFF,74103.0,,1.114,EMD-29082,20221214,3.1,True
singleParticle,BY AUTHOR,FSC 0.143 CUT-OFF,121672.0,,1.049,EMD-50192,20240429,3.18,False
singleParticle,BY AUTHOR,FSC 0.143 CUT-OFF,11493.0,C1,2.096,EMD-29064,20221209,5.1,False
singleParticle,BY AUTHOR,FSC 0.143 CUT-OFF,141550.0,,0.85,EMD-33870,20220719,3.14,True
singleParticle,BY AUTHOR,FSC 0.143 CUT-OFF,206807.0,C1,1.063,EMD-43621,20240205,3.76,False
subtomogramAveraging,BY AUTHOR,FSC 0.143 CUT-OFF,,,4.24,EMD-40900,20230526,9.2,False
singleParticle,BY AUTHOR,FSC 0.143 CUT-OFF,45396.0,C1,1.072,EMD-29144,20221215,2.85,False
singleParticle,BY AUTHOR,FSC 0.143 CUT-OFF,277013.0,,1.1,EMD-60366,20240531,3.5,True
singleParticle,BY AUTHOR,FSC 0.143 CUT-OFF,178679.0,,0.824,EMD-17365,20230516,2.49,True
singleParticle,BY AUTHOR,FSC 0.143 CUT-OFF,31517.0,,1.1,EMD-38511,20231230,3.7,True
singleParticle,BY AUTHOR,FSC 0.143 CUT-OFF,82328.0,C1,1.08,EMD-41744,20230826,3.4,False
singleParticle,BY AUTHOR,FSC 0.143 CUT-OFF,92424.0,C2,0.835,EMD-40589,20230426,3.5,True
singleParticle,BY AUTHOR,FSC 0.143 CUT-OFF,173187.0,C1,0.8399999,EMD-14248,20220207,2.52,True
subtomogramAveraging,BY AUTHOR,FSC 0.143 CUT-OFF,,,13.536,EMD-26247,20220217,47.0,False
singleParticle,BY AUTHOR,FSC 0.143 CUT-OFF,171473.0,,1.2812,EMD-19118,20231212,3.8,True
subtomogramAveraging,BY AUTHOR,FSC 0.143 CUT-OFF,,C1,8.69,EMD-17467,20230527,25.7,False
singleParticle,BY AUTHOR,FSC 0.143 CUT-OFF,34852.0,,0.86,EMD-26666,20220415,4.18,True
singleParticle,BY AUTHOR,FSC 0.143 CUT-OFF,42804.0,,1.1,EMD-26120,20220201,3.3,True
singleParticle,BY AUTHOR,FSC 0.143 CUT-OFF,400650.0,,0.88,EMD-62647,20241209,3.93,True
singleParticle,BY AUTHOR,FSC 0.143 CUT-OFF,79011.0,,1.328,EMD-35912,20230412,3.08,True
singleParticle,BY AUTHOR,FSC 0.143 CUT-OFF,81341.0,C1,0.82000005,EMD-42809,20231113,6.9,True
singleParticle,BY AUTHOR,FSC 0.143 CUT-OFF,247000.0,C1,0.65,EMD-43877,20240228,2.4,True
singleParticle,BY AUTHOR,FSC 0.143 CUT-OFF,2995.0,,1.064,EMD-44228,20240322,4.16,True
singleParticle,BY AUTHOR,FSC 0.143 CUT-OFF,291719.0,,0.832,EMD-29521,20230123,3.1,True
singleParticle,BY AUTHOR,FSC 0.143 CUT-OFF,857483.0,T,1.1,EMD-42286,20231009,2.73,True
singleParticle,BY AUTHOR,FSC 0.143 CUT-OFF,527427.0,C1,0.83,EMD-38478,20231227,3.0,True
singleParticle,BY AUTHOR,FSC 0.143 CUT-OFF,39441.0,C1,1.59,EMD-19054,20231206,3.49,True
singleParticle,BY AUTHOR,FSC 0.143 CUT-OFF,25363.0,,1.045,EMD-17888,20230715,3.09,False
singleParticle,BY AUTHOR,FSC 0.143 CUT-OFF,445198.0,C1,0.849,EMD-34998,20221219,3.1,True
subtomogramAveraging,BY AUTHOR,FSC 0.143 CUT-OFF,,C2,3.052,EMD-19421,20240116,10.85,False
singleParticle,BY AUTHOR,FSC 0.143 CUT-OFF,107000.0,,0.8374,EMD-36751,20230706,3.25,True
singleParticle,BY AUTHOR,FSC 0.143 CUT-OFF,327293.0,,1.059,EMD-15163,20220614,3.3,True
singleParticle,BY AUTHOR,FSC 0.143 CUT-OFF,1780.0,C3,0.8336,EMD-19256,20231223,4.46,True
singleParticle,BY AUTHOR,FSC 0.143 CUT-OFF,50000.0,C1,1.24,EMD-50382,20240523,3.0,True
singleParticle,BY AUTHOR,FSC 0.143 CUT-OFF,13754.0,,1.02,EMD-36991,20230801,6.8,True
subtomogramAveraging,BY AUTHOR,FSC 0.143 CUT-OFF,,C1,3.42,EMD-15469,20220726,18.0,False
singleParticle,BY AUTHOR,FSC 0.143 CUT-OFF,1192718.0,,1.072,EMD-16229,20221128,3.2,True
singleParticle,BY AUTHOR,FSC 0.143 CUT-OFF,94904.0,,1.0826,EMD-46729,20240824,2.9,False
singleParticle,BY AUTHOR,FSC 0.143 CUT-OFF,286827.0,C3,1.08,EMD-17309,20230509,2.91,True
helical,BY AUTHOR,FSC 0.143 CUT-OFF,744002.0,,0.727,EMD-18250,20230818,1.92,True
helical,BY AUTHOR,FSC 0.33 CUT-OFF,254809.0,,0.83,EMD-38104,20231124,3.0,True
singleParticle,BY AUTHOR,FSC 0.143 CUT-OFF,170000.0,,1.295,EMD-17201,20230425,3.17,False
singleParticle,BY AUTHOR,FSC 0.143 CUT-OFF,74530.0,D2,0.84,EMD-61363,20240829,3.48,False
singleParticle,BY AUTHOR,FSC 0.143 CUT-OFF,240137.0,C1,0.835,EMD-18293,20230822,2.3,True
singleParticle,BY AUTHOR,FSC 0.143 CUT-OFF,391827.0,,1.081,EMD-42190,20231004,3.89,True
singleParticle,BY AUTHOR,FSC 0.143 CUT-OFF,490886.0,,1.06,EMD-60057,20240507,2.56,True
singleParticle,BY AUTHOR,FSC 0.143 CUT-OFF,14988.0,,1.68,EMD-17160,20230419,4.9,True
singleParticle,BY AUTHOR,FSC 0.143 CUT-OFF,19531.0,,0.8336,EMD-18684,20231019,4.3,False
singleParticle,BY AUTHOR,FSC 0.143 CUT-OFF,25873.0,C1,1.146,EMD-18335,20230828,2.6,True
singleParticle,BY AUTHOR,FSC 0.143 CUT-OFF,76274.0,,1.066,EMD-40284,20230402,3.4,True
singleParticle,BY AUTHOR,FSC 0.143 CUT-OFF,374572.0,,1.059,EMD-43019,20231204,3.58,False
singleParticle,BY AUTHOR,FSC 0.143 CUT-OFF,56500.0,,1.62,EMD-34439,20221006,4.9,False
singleParticle,BY AUTHOR,FSC 0.143 CUT-OFF,24233.0,,1.1,EMD-26131,20220202,3.6,True
singleParticle,BY AUTHOR,FSC 0.143 CUT-OFF,118956.0,,1.0825,EMD-38992,20240202,3.4,True
singleParticle,BY AUTHOR,FSC 0.143 CUT-OFF,14552.0,,1.03,EMD-50188,20240428,3.1,True
helical,BY AUTHOR,FSC 0.143 CUT-OFF,27610.0,,1.06,EMD-17111,20230412,3.1,True
singleParticle,BY AUTHOR,FSC 0.143 CUT-OFF,51689.0,C1,2.664,EMD-34450,20221007,7.99,True
singleParticle,BY AUTHOR,FSC 0.143 CUT-OFF,174400.0,,0.827,EMD-45992,20240731,3.0,True
singleParticle,BY AUTHOR,FSC 0.143 CUT-OFF,49613.0,,1.1,EMD-35331,20230209,4.3,True
singleParticle,BY AUTHOR,FSC 0.143 CUT-OFF,214100.0,D3,0.93,EMD-60192,20240516,3.13,False
singleParticle,BY AUTHOR,FSC 0.143 CUT-OFF,23724.0,,1.045,EMD-19302,20240102,3.56,False
singleParticle,BY AUTHOR,FSC 0.143 CUT-OFF,43430.0,,1.3319,EMD-47681,20241103,3.58,False
singleParticle,BY AUTHOR,FSC 0.143 CUT-OFF,103798.0,,1.15,EMD-41468,20230804,3.1,True
singleParticle,BY AUTHOR,FSC 0.5 CUT-OFF,89973.0,,2.06,EMD-27368,20220619,25.0,False
singleParticle,BY AUTHOR,FSC 0.143 CUT-OFF,986061.0,,0.833,EMD-38194,20231201,3.08,True
singleParticle,BY AUTHOR,FSC 0.143 CUT-OFF,258974.0,C2,1.06,EMD-45909,20240725,2.92,True
singleParticle,BY AUTHOR,FSC 0.143 CUT-OFF,80378.0,C1,0.8539999,EMD-48323,20241216,3.22,True
singleParticle,BY AUTHOR,FSC 0.143 CUT-OFF,321000.0,,1.088,EMD-33597,20220612,3.2,True
singleParticle,BY AUTHOR,FSC 0.143 CUT-OFF,61110.0,,1.088,EMD-44243,20240323,3.1,False
singleParticle,BY AUTHOR,FSC 0.143 CUT-OFF,11895.0,C1,2.13,EMD-16852,20230314,10.7,False
subtomogramAveraging,BY AUTHOR,FSC 0.5 CUT-OFF,,C1,2.24,EMD-19650,20240216,35.0,False
singleParticle,BY AUTHOR,FSC 0.143 CUT-OFF,215570.0,,0.96,EMD-46936,20240906,2.58,True
singleParticle,BY AUTHOR,FSC 0.143 CUT-OFF,261912.0,,1.1,EMD-39232,20240225,3.56,True
singleParticle,BY AUTHOR,FSC 0.143 CUT-OFF,13998.0,,1.081,EMD-42189,20231004,4.75,False
singleParticle,BY AUTHOR,FSC 0.143 CUT-OFF,179587.0,,1.04,EMD-35078,20230104,3.5,True
singleParticle,BY AUTHOR,FSC 0.143 CUT-OFF,236888.0,,1.12,EMD-45368,20240614,3.1,True
singleParticle,BY AUTHOR,FSC 0.143 CUT-OFF,75584.0,,1.325,EMD-45715,20240711,3.95,False
singleParticle,BY AUTHOR,FSC 0.143 CUT-OFF,66532.0,,0.88,EMD-39271,20240227,3.3,True
singleParticle,BY AUTHOR,FSC 0.5 CUT-OFF,248323.0,,0.82600003,EMD-44896,20240515,3.68,True
singleParticle,BY AUTHOR,FSC 0.143 CUT-OFF,76528.0,C1,0.837,EMD-19536,20240202,2.4,False
singleParticle,BY AUTHOR,FSC 0.143 CUT-OFF,796731.0,,0.675,EMD-33528,20220602,2.77,True
singleParticle,BY AUTHOR,FSC 0.143 CUT-OFF,147120.0,C1,0.539,EMD-44065,20240312,3.87,False
singleParticle,BY AUTHOR,FSC 0.143 CUT-OFF,36392.0,C1,0.87,EMD-33351,20220501,3.26,True
singleParticle,BY AUTHOR,FSC 0.143 CUT-OFF,49950.0,C1,1.15,EMD-49414,20250224,4.1,True
singleParticle,BY AUTHOR,FSC 0.143 CUT-OFF,391535.0,,1.11,EMD-49208,20250213,3.0,False
singleParticle,BY AUTHOR,FSC 0.143 CUT-OFF,79261.0,C3,1.31,EMD-40088,20230315,3.4,True
singleParticle,BY AUTHOR,FSC 0.143 CUT-OFF,16007.0,C3,0.82,EMD-16388,20221221,3.1,False
singleParticle,BY AUTHOR,FSC 0.143 CUT-OFF,70971.0,C1,0.58,EMD-51490,20240904,3.69,False
singleParticle,BY AUTHOR,FSC 0.143 CUT-OFF,116609.0,,0.8566,EMD-18257,20230818,3.22,True
singleParticle,BY AUTHOR,FSC 0.143 CUT-OFF,367154.0,C3,0.675,EMD-27440,20220629,2.62,True
singleParticle,BY AUTHOR,FSC 0.143 CUT-OFF,253164.0,,1.4760001,EMD-38820,20240123,3.39,False
singleParticle,BY AUTHOR,FSC 0.143 CUT-OFF,184227.0,C2,0.65,EMD-50090,20240414,2.55,True
singleParticle,BY AUTHOR,FSC 0.143 CUT-OFF,231221.0,,1.1,EMD-36914,20230724,3.4,True
singleParticle,BY AUTHOR,FSC 0.143 CUT-OFF,33787.0,,1.071,EMD-36603,20230617,4.35,True
singleParticle,BY AUTHOR,FSC 0.143 CUT-OFF,75660.0,,0.824,EMD-38973,20240202,2.7,False
singleParticle,BY AUTHOR,FSC 0.143 CUT-OFF,5623.0,,0.94,EMD-61187,20240817,3.16,False
singleParticle,BY AUTHOR,FSC 0.143 CUT-OFF,98043.0,,0.8550001,EMD-33180,20220402,3.0,True
singleParticle,BY AUTHOR,FSC 0.143 CUT-OFF,11658.0,,1.015,EMD-45104,20240528,5.0,False
singleParticle,BY AUTHOR,FSC 0.143 CUT-OFF,133999.0,,0.83,EMD-40457,20230412,3.1,True
singleParticle,BY AUTHOR,FSC 0.143 CUT-OFF,6141.0,C1,0.96,EMD-16078,20221101,7.0,False
singleParticle,BY AUTHOR,FSC 0.143 CUT-OFF,163382.0,C1,0.82,EMD-42801,20231113,5.9,True
singleParticle,BY AUTHOR,FSC 0.143 CUT-OFF,15804.0,O,0.7,EMD-45621,20240703,2.6,False
singleParticle,BY AUTHOR,FSC 0.143 CUT-OFF,260409.0,,0.968,EMD-47163,20241001,3.72,False
singleParticle,BY AUTHOR,FSC 0.143 CUT-OFF,72768.0,,1.017,EMD-45981,20240730,5.1,False
singleParticle,BY AUTHOR,FSC 0.143 CUT-OFF,116526.0,,1.054,EMD-29040,20221207,3.13,True
singleParticle,BY AUTHOR,FSC 0.143 CUT-OFF,40701.0,C3,0.566,EMD-43247,20240103,2.9,True
singleParticle,BY AUTHOR,FSC 0.143 CUT-OFF,30000.0,,1.0,EMD-47422,20241021,3.1,True
singleParticle,BY AUTHOR,FSC 0.143 CUT-OFF,37868.0,,1.32,EMD-38655,20240112,3.5,False
singleParticle,BY AUTHOR,FSC 0.143 CUT-OFF,297156.0,C1,1.242,EMD-40846,20230522,4.14,False
singleParticle,BY AUTHOR,FSC 0.143 CUT-OFF,57506.0,C1,1.06,EMD-17991,20230719,3.5,True
singleParticle,BY AUTHOR,FSC 0.143 CUT-OFF,43363.0,,1.05,EMD-18782,20231029,3.52,True
singleParticle,BY AUTHOR,FSC 0.143 CUT-OFF,1857.0,,2.62,EMD-44581,20240423,5.1,False
singleParticle,BY AUTHOR,FSC 0.143 CUT-OFF,615233.0,,0.835,EMD-29662,20230201,2.07,True
singleParticle,BY AUTHOR,FSC 0.143 CUT-OFF,71677.0,,0.94,EMD-41180,20230705,3.4,False
singleParticle,BY AUTHOR,FSC 0.143 CUT-OFF,68600.0,C1,1.072,EMD-29253,20221221,2.76,True
singleParticle,BY AUTHOR,FSC 0.143 CUT-OFF,420630.0,,0.74,EMD-37362,20230905,2.7,True
singleParticle,BY AUTHOR,FSC 0.143 CUT-OFF,69149.0,C2,0.44949996,EMD-44408,20240404,3.2,True
singleParticle,BY AUTHOR,FSC 0.143 CUT-OFF,123749.0,C1,1.072,EMD-29276,20221221,2.48,True
singleParticle,BY AUTHOR,FSC 0.143 CUT-OFF,301061.0,,1.122,EMD-27400,20220621,3.08,True
singleParticle,BY AUTHOR,FSC 0.143 CUT-OFF,289668.0,,1.08,EMD-44031,20240311,2.94,False
singleParticle,BY AUTHOR,FSC 0.143 CUT-OFF,239820.0,C1,0.828,EMD-19989,20240328,2.95,True
singleParticle,BY AUTHOR,FSC 0.143 CUT-OFF,41926.0,C6,1.0742,EMD-33560,20220608,3.13,True
singleParticle,BY AUTHOR,FSC 0.143 CUT-OFF,100000.0,,0.95,EMD-39288,20240228,3.07,True
singleParticle,BY AUTHOR,FSC 0.143 CUT-OFF,185127.0,,1.01,EMD-34139,20220822,4.3,False
singleParticle,BY AUTHOR,FSC 0.143 CUT-OFF,3340.0,,1.15,EMD-44827,20240510,6.13,False
singleParticle,BY AUTHOR,FSC 0.143 CUT-OFF,21458.0,,0.9,EMD-16648,20230206,2.28,True
singleParticle,BY AUTHOR,FSC 0.143 CUT-OFF,95557.0,,0.843,EMD-43659,20240208,3.2,True
singleParticle,BY AUTHOR,FSC 0.143 CUT-OFF,1126378.0,C1,1.068,EMD-41897,20230911,2.54,False
singleParticle,BY AUTHOR,FSC 0.143 CUT-OFF,41085.0,,0.718,EMD-48152,20241204,2.82,True
singleParticle,BY AUTHOR,FSC 0.143 CUT-OFF,836117.0,,1.04,EMD-35942,20230414,3.2,True
singleParticle,BY AUTHOR,FSC 0.143 CUT-OFF,104519.0,,0.826,EMD-15787,20220907,3.13,True
subtomogramAveraging,BY AUTHOR,FSC 0.143 CUT-OFF,,C1,8.0,EMD-52469,20250107,18.0,False
singleParticle,BY AUTHOR,FSC 0.143 CUT-OFF,88852.0,C1,1.012,EMD-14914,20220504,3.4,True
singleParticle,BY AUTHOR,FSC 0.143 CUT-OFF,2823826.0,C2,1.045,EMD-19798,20240305,2.8,True
singleParticle,BY AUTHOR,FSC 0.143 CUT-OFF,31386.0,,1.087,EMD-36564,20230613,3.71,False
singleParticle,BY AUTHOR,FSC 0.143 CUT-OFF,73056.0,C1,0.8320001,EMD-17637,20230615,3.7,True
singleParticle,BY AUTHOR,FSC 0.5 CUT-OFF,39714.0,,2.06,EMD-41529,20230808,20.0,False
singleParticle,BY AUTHOR,FSC 0.143 CUT-OFF,276213.0,,1.045,EMD-17913,20230715,2.19,False
singleParticle,BY AUTHOR,FSC 0.143 CUT-OFF,478571.0,C1,0.83,EMD-41248,20230713,3.0,True
singleParticle,BY AUTHOR,FSC 0.143 CUT-OFF,56663.0,C1,1.1,EMD-47867,20241112,3.6,False
singleParticle,BY AUTHOR,FSC 0.143 CUT-OFF,124968.0,,0.8336,EMD-52559,20250115,2.73,True
helical,BY AUTHOR,FSC 0.143 CUT-OFF,206214.0,,0.83,EMD-33965,20220731,2.6,True
singleParticle,BY AUTHOR,FSC 0.143 CUT-OFF,345048.0,C1,1.2,EMD-35665,20230316,2.77,False
singleParticle,BY AUTHOR,FSC 0.143 CUT-OFF,42043.0,,0.8677,EMD-40112,20230316,3.2,False
subtomogramAveraging,BY AUTHOR,FSC 0.143 CUT-OFF,,C1,10.0,EMD-45197,20240605,35.0,False
singleParticle,BY AUTHOR,FSC 0.143 CUT-OFF,368678.0,,1.087,EMD-39645,20240401,2.7,True
singleParticle,BY AUTHOR,FSC 0.143 CUT-OFF,400000.0,,0.673,EMD-42787,20231111,2.7,True
singleParticle,BY AUTHOR,FSC 0.143 CUT-OFF,45091.0,,0.835,EMD-44306,20240327,3.49,True
singleParticle,BY AUTHOR,FSC 0.143 CUT-OFF,223410.0,D5,0.826,EMD-42845,20231116,2.69,True
singleParticle,BY AUTHOR,FSC 0.143 CUT-OFF,23152.0,,1.9453125,EMD-28188,20220917,5.8,False
singleParticle,BY AUTHOR,FSC 0.143 CUT-OFF,700432.0,,0.9142,EMD-19850,20240314,3.27,True
singleParticle,BY AUTHOR,FSC 0.143 CUT-OFF,201416.0,C1,1.0,EMD-50246,20240503,3.0,True
singleParticle,BY AUTHOR,FSC 0.143 CUT-OFF,8631.0,,3.25,EMD-34706,20221109,9.3,False
singleParticle,BY AUTHOR,FSC 0.143 CUT-OFF,56500.0,,1.62,EMD-35958,20230417,3.9,False
singleParticle,BY AUTHOR,FSC 0.143 CUT-OFF,75630.0,,1.064,EMD-44223,20240322,2.96,True
singleParticle,BY AUTHOR,FSC 0.143 CUT-OFF,69019.0,C1,0.67,EMD-33830,20220713,3.3,False
helical,BY AUTHOR,FSC 0.143 CUT-OFF,389540.0,,1.145,EMD-17030,20230406,6.2,False
singleParticle,BY AUTHOR,FSC 0.143 CUT-OFF,148945.0,,0.97332996,EMD-19016,20231130,3.0,True
subtomogramAveraging,BY AUTHOR,FSC 0.5 CUT-OFF,,,7.5,EMD-15747,20220905,44.4,False
singleParticle,BY AUTHOR,FSC 0.143 CUT-OFF,179199.0,,0.74,EMD-18053,20230728,4.3,True
singleParticle,BY AUTHOR,FSC 0.143 CUT-OFF,450000.0,,1.08,EMD-32905,20220217,2.83,True
singleParticle,BY AUTHOR,FSC 0.143 CUT-OFF,130819.0,,0.987,EMD-17061,20230407,3.82,False
singleParticle,BY AUTHOR,FSC 0.5 CUT-OFF,989.0,,1.7700001,EMD-26930,20220509,20.0,False
singleParticle,BY AUTHOR,FSC 0.143 CUT-OFF,723778.0,,1.071,EMD-38538,20240102,3.0,True
singleParticle,BY AUTHOR,FSC 0.143 CUT-OFF,378162.0,,0.856,EMD-43819,20240226,2.8,True
singleParticle,BY AUTHOR,FSC 0.143 CUT-OFF,30692.0,,1.048,EMD-49515,20250302,3.2,True
singleParticle,BY AUTHOR,FSC 0.143 CUT-OFF,42851.0,,1.3319,EMD-47680,20241103,3.49,False
singleParticle,BY AUTHOR,FSC 0.143 CUT-OFF,5207.0,,1.07,EMD-17568,20230605,4.4,False
singleParticle,BY AUTHOR,FSC 0.143 CUT-OFF,143490.0,,0.921,EMD-19657,20240216,3.2,False
singleParticle,BY AUTHOR,FSC 0.143 CUT-OFF,148610.0,C2,0.924,EMD-18533,20230928,2.8,False
singleParticle,BY AUTHOR,FSC 0.143 CUT-OFF,14272.0,,1.12,EMD-34247,20220907,3.63,True
subtomogramAveraging,BY AUTHOR,FSC 0.143 CUT-OFF,,C1,4.3015,EMD-52722,20250204,30.6,False
singleParticle,BY AUTHOR,FSC 0.143 CUT-OFF,49788.0,,0.95,EMD-51441,20240828,3.7,True
singleParticle,BY AUTHOR,FSC 0.143 CUT-OFF,153807.0,O,1.19,EMD-49830,20250320,2.86,True
singleParticle,BY AUTHOR,FSC 0.143 CUT-OFF,13303.0,,1.05,EMD-16847,20230314,8.4,False
singleParticle,BY AUTHOR,FSC 0.143 CUT-OFF,91042.0,C1,0.825,EMD-43836,20240227,3.4,False
singleParticle,BY AUTHOR,FSC 0.143 CUT-OFF,494057.0,I,1.08,EMD-28054,20220907,2.2,True
singleParticle,BY AUTHOR,FSC 0.143 CUT-OFF,373000.0,C1,0.82000005,EMD-40079,20230314,3.7,True
singleParticle,BY AUTHOR,FSC 0.143 CUT-OFF,209365.0,,0.73,EMD-39533,20240320,2.89,True
subtomogramAveraging,BY AUTHOR,FSC 0.143 CUT-OFF,,C2,1.327,EMD-17937,20230717,6.9,True
helical,BY AUTHOR,FSC 0.143 CUT-OFF,99325.0,,0.844,EMD-42544,20231031,3.2,True
singleParticle,BY AUTHOR,FSC 0.143 CUT-OFF,364331.0,,1.07,EMD-51190,20240729,2.9,True
singleParticle,BY AUTHOR,FSC 0.143 CUT-OFF,2923.0,,2.125,EMD-15486,20220728,30.6,True
singleParticle,BY AUTHOR,FSC 0.143 CUT-OFF,241017.0,,0.837,EMD-50335,20240517,3.59,False
subtomogramAveraging,BY AUTHOR,FSC 0.143 CUT-OFF,,C1,4.2368,EMD-40478,20230413,26.4,False
tomography,BY AUTHOR,OTHER,51.0,,11.024,EMD-45648,20240709,11.02,False
singleParticle,BY AUTHOR,FSC 0.143 CUT-OFF,17742.0,,1.66,EMD-28076,20220908,6.5,False
singleParticle,BY AUTHOR,FSC 0.143 CUT-OFF,227185.0,,0.85,EMD-37629,20230930,3.12,True
singleParticle,BY AUTHOR,FSC 0.143 CUT-OFF,149122.0,,0.88,EMD-60683,20240701,3.13,False
singleParticle,BY AUTHOR,FSC 0.143 CUT-OFF,77142.0,C1,1.017,EMD-14751,20220412,2.8,True
singleParticle,BY AUTHOR,FSC 0.143 CUT-OFF,52900.0,,1.37,EMD-35312,20230208,4.0,False
singleParticle,BY AUTHOR,FSC 0.143 CUT-OFF,164339.0,,1.4268,EMD-36124,20230505,3.94,True
singleParticle,BY AUTHOR,FSC 0.143 CUT-OFF,21900.0,C5,3.03,EMD-39294,20240228,8.81,False
singleParticle,BY AUTHOR,FSC 0.143 CUT-OFF,314750.0,,1.064,EMD-44217,20240322,2.79,True
singleParticle,BY AUTHOR,FSC 0.143 CUT-OFF,277598.0,,1.162,EMD-61154,20240813,2.86,True
singleParticle,BY AUTHOR,FSC 0.143 CUT-OFF,437866.0,C1,0.824,EMD-17373,20230516,2.4,True
singleParticle,BY AUTHOR,FSC 0.143 CUT-OFF,185000.0,,0.765,EMD-45359,20240613,2.78,True
singleParticle,BY AUTHOR,FSC 0.143 CUT-OFF,224494.0,C3,1.1989,EMD-36078,20230502,2.9,True
singleParticle,BY AUTHOR,FSC 0.143 CUT-OFF,30181.0,,1.064,EMD-44220,20240322,3.08,True
singleParticle,BY AUTHOR,FSC 0.143 CUT-OFF,217835.0,,0.778,EMD-35740,20230326,3.59,True
singleParticle,BY AUTHOR,FSC 0.143 CUT-OFF,18086.0,,0.855,EMD-44849,20240512,3.3,True
singleParticle,BY AUTHOR,FSC 0.143 CUT-OFF,292189.0,,0.85,EMD-16805,20230308,4.2,True
singleParticle,BY AUTHOR,FSC 0.143 CUT-OFF,18724.0,I,0.944,EMD-50518,20240601,3.22,True
singleParticle,BY AUTHOR,FSC 0.143 CUT-OFF,129368.0,,0.872,EMD-29690,20230207,3.4,True
singleParticle,BY AUTHOR,FSC 0.143 CUT-OFF,133004.0,,0.852,EMD-41568,20230809,3.5,True
singleParticle,BY AUTHOR,FSC 0.143 CUT-OFF,223575.0,,1.0,EMD-38894,20240129,3.48,True
singleParticle,BY AUTHOR,FSC 0.143 CUT-OFF,27741.0,T,0.92,EMD-35069,20230103,3.56,True
singleParticle,BY AUTHOR,FSC 0.143 CUT-OFF,12930.0,I,0.743,EMD-48705,20250117,2.0,True
singleParticle,BY AUTHOR,FSC 0.143 CUT-OFF,1590360.0,,1.066,EMD-61003,20240731,3.6,True
singleParticle,BY AUTHOR,FSC 0.143 CUT-OFF,32278.0,,1.045,EMD-50652,20240615,3.38,False
singleParticle,BY AUTHOR,FSC 0.143 CUT-OFF,76598.0,,0.8332,EMD-41087,20230619,3.02,True
subtomogramAveraging,BY AUTHOR,FSC 0.143 CUT-OFF,,C1,3.28,EMD-41226,20230707,10.5,False
singleParticle,BY AUTHOR,FSC 0.143 CUT-OFF,169361.0,,0.96,EMD-50141,20240422,2.9,False
singleParticle,BY AUTHOR,FSC 0.143 CUT-OFF,420343.0,,1.07,EMD-26964,20220512,3.53,True
tomography,BY AUTHOR,,61.0,,10.0923,EMD-15154,20220613,10.0923,False
singleParticle,BY AUTHOR,FSC 0.143 CUT-OFF,7167.0,,0.9700001,EMD-47255,20241009,4.2,True
singleParticle,BY AUTHOR,FSC 0.143 CUT-OFF,459460.0,,1.1,EMD-60128,20240514,3.09,True
singleParticle,BY AUTHOR,FSC 0.143 CUT-OFF,45024.0,C1,0.86,EMD-28547,20221009,3.64,True
singleParticle,BY AUTHOR,FSC 0.143 CUT-OFF,554684.0,,0.83,EMD-44741,20240503,3.49,False
singleParticle,BY AUTHOR,FSC 0.143 CUT-OFF,86303.0,,1.1,EMD-36714,20230701,3.21,True
singleParticle,BY AUTHOR,FSC 0.143 CUT-OFF,121967.0,C2,0.73499995,EMD-48382,20241219,2.19,True
subtomogramAveraging,BY AUTHOR,FSC 0.143 CUT-OFF,,,1.7239999,EMD-15884,20220927,4.5,False
singleParticle,BY AUTHOR,FSC 0.143 CUT-OFF,335823.0,,0.932,EMD-37622,20230930,3.37,True
singleParticle,BY AUTHOR,FSC 0.143 CUT-OFF,609722.0,,0.81,EMD-40297,20230402,2.77,False
singleParticle,BY AUTHOR,FSC 0.143 CUT-OFF,646042.0,C1,0.66,EMD-14388,20220220,3.83,True
singleParticle,BY AUTHOR,FSC 0.143 CUT-OFF,154084.0,,0.85,EMD-38680,20240114,3.17,True
singleParticle,BY AUTHOR,FSC 0.143 CUT-OFF,278497.0,,1.07,EMD-36250,20230521,2.45,False
singleParticle,BY AUTHOR,FSC 0.143 CUT-OFF,116651.0,,1.06,EMD-37324,20230829,3.7,True
singleParticle,BY AUTHOR,FSC 0.143 CUT-OFF,487147.0,,1.06,EMD-18741,20231025,3.06,True
singleParticle,BY AUTHOR,FSC 0.143 CUT-OFF,548147.0,,0.839,EMD-26382,20220307,3.47,True
helical,BY AUTHOR,OTHER,376348.0,,0.67,EMD-44198,20240322,3.3,False
singleParticle,BY AUTHOR,FSC 0.143 CUT-OFF,1059994.0,,1.0975,EMD-36193,20230516,3.45,True
singleParticle,BY AUTHOR,FSC 0.143 CUT-OFF,230267.0,C3,1.03,EMD-45468,20240624,3.05,True
singleParticle,BY AUTHOR,FSC 0.143 CUT-OFF,247908.0,,1.3013,EMD-50463,20240528,3.06,False
singleParticle,BY AUTHOR,FSC 0.143 CUT-OFF,279781.0,,2.7,EMD-18718,20231024,9.6,True
singleParticle,BY AUTHOR,FSC 0.143 CUT-OFF,55099.0,C1,0.85,EMD-42567,20231031,3.1,False
singleParticle,BY AUTHOR,FSC 0.143 CUT-OFF,646248.0,,1.07,EMD-34042,20220808,3.62,True
singleParticle,BY AUTHOR,FSC 0.143 CUT-OFF,233748.0,C2,0.834,EMD-19523,20240201,2.14,True
singleParticle,BY AUTHOR,FSC 0.143 CUT-OFF,326920.0,,1.2,EMD-16048,20221030,3.7,True
singleParticle,BY AUTHOR,FSC 0.143 CUT-OFF,210699.0,C4,0.6431,EMD-52211,20241128,2.1,True
singleParticle,BY AUTHOR,FSC 0.143 CUT-OFF,198856.0,C1,1.17,EMD-35040,20221223,3.5,False
singleParticle,BY AUTHOR,FSC 0.143 CUT-OFF,150174.0,C1,0.9,EMD-19501,20240129,3.08,True
singleParticle,BY AUTHOR,FSC 0.143 CUT-OFF,168443.0,C1,0.562,EMD-43165,20231218,3.4,True
singleParticle,BY AUTHOR,FSC 0.143 CUT-OFF,363742.0,,0.68,EMD-41979,20230915,3.5,True
singleParticle,BY AUTHOR,FSC 0.143 CUT-OFF,187493.0,,1.10914,EMD-19929,20240325,2.9,True
singleParticle,BY AUTHOR,FSC 0.143 CUT-OFF,764806.0,,1.08,EMD-28263,20220928,2.65,True
singleParticle,BY AUTHOR,FSC 0.143 CUT-OFF,152031.0,,0.932,EMD-26856,20220505,3.28,True
singleParticle,BY AUTHOR,FSC 0.143 CUT-OFF,3070.0,,1.15,EMD-44803,20240510,7.39,False
singleParticle,BY AUTHOR,FSC 0.143 CUT-OFF,505078.0,,0.83,EMD-40350,20230406,3.32,True
singleParticle,BY AUTHOR,FSC 0.143 CUT-OFF,91754.0,,0.93,EMD-38975,20240202,2.8,False
singleParticle,BY AUTHOR,FSC 0.143 CUT-OFF,247908.0,,1.3013,EMD-50469,20240528,3.13,False
singleParticle,BY AUTHOR,FSC 0.143 CUT-OFF,285766.0,C1,0.942,EMD-50400,20240523,2.6,True
singleParticle,BY AUTHOR,FSC 0.143 CUT-OFF,323473.0,,0.87,EMD-16597,20230201,3.47,True
singleParticle,BY AUTHOR,FSC 0.143 CUT-OFF,57018.0,,0.86,EMD-27640,20220716,6.65,False
singleParticle,BY AUTHOR,FSC 0.143 CUT-OFF,227533.0,,0.653,EMD-28666,20221026,3.5,True
subtomogramAveraging,BY AUTHOR,FSC 0.143 CUT-OFF,,C1,10.728,EMD-52159,20241120,31.8,False
singleParticle,BY AUTHOR,FSC 0.143 CUT-OFF,26833.0,,3.48,EMD-19063,20231207,15.0,False
singleParticle,BY AUTHOR,FSC 0.5 CUT-OFF,88000.0,,1.77,EMD-41562,20230808,20.0,False
singleParticle,BY AUTHOR,FSC 0.143 CUT-OFF,62699.0,C4,1.11,EMD-29907,20230223,3.0,True
singleParticle,BY AUTHOR,FSC 0.143 CUT-OFF,1305940.0,,1.0567557,EMD-15040,20220526,2.77,False
singleParticle,BY AUTHOR,FSC 0.143 CUT-OFF,159681.0,C1,1.1,EMD-16430,20230104,3.14,True
singleParticle,BY AUTHOR,FSC 0.143 CUT-OFF,107067.0,,0.778,EMD-35749,20230326,3.74,False
singleParticle,BY AUTHOR,FSC 0.143 CUT-OFF,69029.0,,0.645,EMD-19580,20240207,4.01,False
singleParticle,BY AUTHOR,FSC 0.143 CUT-OFF,605011.0,,0.932,EMD-35171,20230119,3.44,True
